rank,chain,handle,wallet_address,total_swaps,buy_count,sell_count,total_volume_usd,tokens_count,tokens_sample,status
1,eth,JackieTian7,0xcf2b7c6bc98bfe0d6138a25a3b6162b51f75e05d,778,541,227,1006685.21,163,"PHTR, Coval, VMPX, SCSJ, SMR",crawled
2,eth,0x51f9d44c,0x51f9d44c65e8da6bce596092dc0d41d07d97968c,4999,2409,2590,15817599.57,39,"fwXAUt, LINK, wstETH, fwUNI, fwCOINon",crawled
3,eth,0x55f34221,0x55f3422138e9fed0bd81351bff66c882550002e8,559,284,271,192278.71,219,"QU3, BENANCE, TORN, YIELD, RUNES",crawled
4,eth,panzonhl,0xf907877022b1e61232aca00661d6fb629b356d4c,2020,1014,1006,441368.54,570,"MOTE, STOCK, CAPYBARA, BTMC, CheatGPT",crawled
5,eth,jTRIzPyo5nApJmo,0xfcdfda023f727dafa35e8ee2715bcd7411c86b21,410,266,119,1056703.62,107,"apxUSD_unlock, eATH, LBTC, PENGU, HENLO",crawled
6,eth,0x6bba7df6,0x6bba7df6971127cb15fd78fdebe33eeff5a6dd59,191,79,112,177648.16,50,"Burnie, Casberi, w🍖, Grokkybara, blob",crawled
7,eth,erichsu_eth,0x5865363bb04450ab313dcd2e71a189efb3c31e41,59,8,51,23052.0,19,"wildebeest, CLAUS, UNITS, STOCKER, NUDES",crawled
8,eth,0xleet,0x62e5332dcb286f1753d245707c91a38821bb5645,361,180,181,558192.68,104,"AGL, JACKET, PLOT, chloe, wOCT",crawled
9,eth,0xcd211569,0xcd211569a108fdac74d729ba7358a743a3c2e08d,906,490,413,598377.27,230,"OI, SHIT, BABEL, Grokkybara, Ucore",crawled
10,eth,0xc05ef5e1,0xc05ef5e1fd014267f66fa24b260f361af7d79122,2410,1248,1161,2626681.68,671,"Irokoko, HOG, POOBAH, FXL, i666",crawled
11,eth,milady,0x023ab8e20a4682d315daef4c91db96bd77934d66,3868,2042,1813,14787710.38,201,"LBTC, WPRL, TORN, MICKEY, spurdo",crawled
12,eth,shenron__1,0xeeefff8ce2710fa490e0fcb794235e873c252d2e,815,381,434,278348.36,230,"EDS, ORBUTT, 零币, PENGU, SPCXon",crawled
13,eth,NeoCallss,0xe28601398a5448d1147e6e8b0e0c6d686f0d216d,981,472,502,420668.36,299,"AGL, eth, HID, MIMI, EMERALD",crawled
14,eth,0x07f190b1,0x07f190b1a5776d523a903253a3cf994ae34466bb,762,434,326,80486.76,271,"AGL, tend, BLANKFROG, HID, STOCK",crawled
15,eth,justinsuntron,0x176f3dab24a159341c0509bb36b833e7fdd0a132,29,0,2,2711802.22,8,"steakETH, spUSDC, wstETH, spUSDT, gtUSDC",crawled
16,eth,0x5420ba3a,0x5420ba3a8b8bf5272a20fc24e308d622db304fc6,113,68,45,256696.9,29,"FuseDOG, FORGE, Grokkybara, BURN, Uni20",crawled
17,eth,yodacalls,0x371903abb32f5f69b536b77495e92adedfea25da,1690,774,898,689704.63,452,"ETHAI, WCUP, Ringy, TAU, DOOOOOOOOG",crawled
18,eth,SuperL9,0x7e8fb0392542812476d9f2d0d71c01d1fa0776c5,970,471,497,312210.77,320,"CAPYBARA, ELUN, LAPTOP, ALPACAS, PAC",crawled
19,eth,OlympusDAO,0xa8687a15d4be32cc8f0a8a7b9704a4c3993d9613,0,0,0,0.0,0,,crawled
20,eth,DaniWorldwide,0xbac453b9b7f53b35ac906b641925b2f5f2567a89,640,406,234,682383.7,129,"PENIS, NIGEL, Rudy, CAM, AEON",crawled
21,eth,aa_AFeng,0xbf004bff64725914ee36d03b87d6965b0ced4903,4927,2460,2461,2211416.59,1051,"BILLY, BABYMAXIMUSA, PUPCUP, MOMMYS, CHLOE",crawled
22,eth,Unipioneer,0x61fd0d043d519f5a2bd05785000f30db96809429,545,266,243,919504.97,236,"SHIT, APPC, DC, ETH69, Jingle",crawled
23,eth,dev_enjoys,0x28aa4f9ffe21365473b64c161b566c3cdead0108,483,275,49,991902.33,35,"BJ, PYUSD, 888, EURC, DIGITS",crawled
24,eth,0x40c20da8,0x40c20da8d0214a7ef33a84e287992858db744e6d,16,1,15,302675.24,3,"MATIC, stETH, wstETH",crawled
25,eth,BMooon97_,0x5f9bc316d8473d8c6634bd26f3e0932cd6bf0718,56,33,23,72484.7,26,"wildebeest, 科太币, LABRAT, GIVE, CLAUS",crawled
26,eth,XIGUA0903,0x3472ccf6209925204b9cf352171ee150904fda7e,349,137,212,179189.99,61,"QI, SpaceXSI, MIMIR, STONK, BOAR",crawled
27,eth,Zemrics,0x9dbfded199ee3a6b291c223e65f97d387156aada,1151,566,583,454827.27,373,"YIELD, MEMECOIN, DOOOOOOOOG, REVENANT, VPR",crawled
28,eth,SlikkneSs,0xafba765e49a4545569e955f6c4baba12e427bf64,771,280,478,2301072.9,371,"MOTE, AIDS, MORTY, Wonka, DRAGON",crawled
29,eth,0xcce7222e,0xcce7222e9b9fec1ebf52d62a9da692b88090f30b,264,110,151,50987.3,103,"ᗪOᖇKᒪOᖇᗪ, SPCXon, STOCK10, VC, SPXSI",crawled
30,eth,0xbee242d3,0xbee242d3a94420551c65f5b16d9a1c918910cccd,3758,1569,2189,122842343.63,552,"LBTC, aEthtBTC, PERP, LQTY, BEARDY",crawled
31,eth,LuffyCallz,0x8295935703d543a6db78b9eede2f67f7d43b8622,565,258,307,110343.21,200,"SHIT, CARDS, SPCXon, KISHU, FAST",crawled
32,eth,0x0deaa831,0x0deaa831df697157d33928af09eee9a7f4d58d2b,3629,1741,1888,3488575.82,376,"Charlie, NOBIKO, BLOCKYBOY, ( ͡° ͜ʖ ͡°), MITSUKI",crawled
33,eth,0xossalivan,0xf38ce55fe4e517e77e1056a54e64f22d43d88c3a,259,110,149,61042.86,59,"EI, MJ, SPCXon, NETHERMIND, EMERALD",crawled
34,eth,0x04624c07,0x04624c07e901e977daf6611a4a6724a00b5eb994,389,288,99,112476.36,172,"SCAT, STOCK, STARMAN, $MEW, TRILLIONAIRE",crawled
35,eth,Beautrj,0x05c17ffad91bbd8e07bb896c15b792e073686183,29,12,17,11820.43,9,"KINEKO, VITALCOCK, ADAM, DankDoge, BabyAsteroid",crawled
36,eth,ZephyrTrading,0xb2d1af0746c410e146272e804b1741f07f83b851,293,170,123,219983.49,69,"Luna, KIMCHI, wildebeest, wstETH, LOOKS",crawled
37,eth,0xd1f78f02,0xd1f78f0215c5f735b4f9627737c103898158afaa,1354,657,696,227752.82,425,"PERP, MEMECOIN, ALIEN, PIGEON, HCAT",crawled
38,eth,4IxAadDeA128491,0xcae4ccfe670f8c2a4999f9dfaf44625110fce9e5,52,10,35,58477.94,34,"SLAY, CAPYBARA, ESP, GWEI, fwARB",crawled
39,eth,0x636aa161,0x636aa161f4924a0dbce40413a99c896250bc87a7,1135,586,548,180754.82,342,"AGL, PERP, MEMECOIN, ANYTHING, Etherheads",crawled
40,eth,0x409185f3,0x409185f31188ba48414f104ca19993c009bc9e64,829,427,398,107423.74,320,"MOMMYS, ELUN, TAU, TOAD, DOOOOOOOOG",crawled
41,eth,feibo03,0xe1e3252b8b2f9bf2a8335389ba8ee62e6ea29407,120,53,67,49242.75,32,"NONO, wildebeest, EI, BOAR, DRAGON",crawled
42,eth,antpositions,0xa83b73f5644cde337b61da79589f10ea15548811,4822,2107,2713,2640645.66,1038,"GrumpyCat, PUPCUP, ALIPE, PERP, CHLOE",crawled
43,eth,0x9a9937d0,0x9a9937d0b41931a5ad0c9cfda9ca79b9a78bdad6,687,389,298,96640.34,261,"MOTE, SPCXon, $SSCAN, LQOS, NOTA",crawled
44,eth,0x54632df3,0x54632df3db2f9203caeffe46dd9ae9360b1eb200,698,290,408,254092.05,256,"FSD, STARMAN, CAPYBARA, Grokkybara, SWOGE",crawled
45,eth,delucinator,0x473d3a2005499301dc353afa9d0c9c5980b5188c,667,261,272,63610304.38,115,"RLUSD, EURC, boxFEE, SOLID, EGG",crawled
46,eth,0xRell,0x3391a39a1b508e54a361924a26056c01c1c2c07d,1591,890,700,855812.88,257,"goyim, Sparky, melo, PERP, MEMECOIN",crawled
47,eth,Able777C,0xf41f0813e3e8670eac65d781adc91cc54525ad68,149,70,79,32375.07,12,"SI, 爱, URANUS, wildebeest, MJ",crawled
48,eth,Walkerrzxyz,0xcc7b0969e8f622d8435b4ba34a47d70788e87a92,108,46,62,48327.57,35,"PICKLE, v0x, QUBY, BOAR, NOOP",crawled
49,eth,Axel_bitblaze69,0xd2ef10da66727627c68bed148e881c923c1baa77,95,12,81,213884.27,61,"CPOOL, VISTADOG, RAIN, pufETH, USDeUSDC",crawled
50,eth,ShinraHQ_,0x150952108f28dcaf4e4542090e67cd2696563944,575,276,299,131096.41,203,"quANT, JACKET, SPCXon, SERC, SWOGE",crawled
51,eth,0x1fb07574,0x1fb07574dc38c0d50703b2e85c010aebb23a745d,705,364,338,171066.81,239,"SPCXon, ETHAI, SOUL, WCUP, IP",crawled
52,eth,baolingD,0xa5435a66362844782ff6503274e99345b43b934b,13,6,7,7106.11,5,"SXSI, NETHERMIND, STOMPY, IMD, STARMIND",crawled
53,eth,kurtzxx,0xf78b066050e00fdb9b980e265aa9f317ef4b947c,56,26,30,140101.99,21,"FTR, Ethereum Hub, Yomogicoin, Allegra, ASTEROID",crawled
54,eth,CupseyV,0x0f84d2da979180394fbf9c4499febd0f602a6767,1807,935,872,696893.05,482,"PERP, MEMECOIN, ALIEN, KISHU, DRAGON",crawled
55,eth,HunterOnlyETH,0x7a2363a401b2340c7941dd2eeff0196a5078d2e6,3369,1392,1977,1161665.17,806,"GrumpyCat, BILLY, NiHao, CHLOE, ALIEN",crawled
56,eth,888upupup,0x94cf7ed19901eb7d487c779e6d1baa87157b2d01,47,24,23,10382.9,22,"JACKET, rPEG, Ollie, ponzi, AAPLCAT",crawled
57,eth,0xcc32727c,0xcc32727cb42740e6a4f0f9c8bf0eba584d9bd377,274,132,140,96565.71,98,"DRAGON, KRP, TISCOTA, PAUSE, VPR",crawled
58,eth,Huang2024,0x629fe6d73d5ca48c1b5e4ef35bb7319080c4aba5,16,9,7,12152.18,6,"STONK, SPACEXSI, UNISTREET, XSI, WTF",crawled
59,eth,punk6995,0xdf2a8e398b97899ecda4db93bb00eee386338d3a,90,44,46,42039.56,31,"RUNEXCAPE, STWRS, AP, Tyrannosaurus, PUNK",crawled
60,eth,Gonz1495,0xb0a8ad238ac4cd4fff78080e77933ccefbf785e4,3507,2030,1472,2464641.43,960,"AMICAS, Sora, MAGATRON, MONEY, KIDNEY",crawled
61,eth,PEPE_Whale69,0x4fbbc9ef478f0eefe88ebd499a598d382cd2c94f,7,1,4,1603.56,3,"CAPYBARA, SC, ZC",crawled
62,eth,0x50664ede,0x50664ede715e131f584d3e7eaabd7818bb20a068,434,147,272,51175259.25,92,"CITIZEN, PERP, OMG, DDX, ZONE",crawled
63,eth,0xad6eaa73,0xad6eaa735d9df3d7696fd03984379dae02ed8862,0,0,0,0.0,0,,crawled
64,eth,xuxubaobao0819,0x9cd581ff7804f5f3caf35f55d3cf73fbf42f0072,3,1,2,1354.89,1,SI,crawled
65,eth,pe___lu,0x347ffc6db9acc54ac2019795173b9599e8b82bd9,4873,2203,2462,889403.22,1504,"CHLOE, ALIEN, mmUSD, AAAAAA, FORD",crawled
66,eth,0x858a4293,0x858a4293a9aa59ea2577cc57999f9e3689c01c2a,337,192,145,93987.91,114,"SHIT, PERP, MEMECOIN, SPCXon, Ucore",crawled
67,eth,0xad40395b,0xad40395bd7af5a13bb9040975e5f0caa754c0b00,589,320,265,264385.14,266,"Lyn, NET, CHLOE, RINGO, 0XDEOB7BAE",crawled
68,eth,277422149x,0x40e569e9b5458c89b4910f3ecfade0f650e92a40,142,62,80,19356.3,33,"QI, JACKET, RUNEXCAPE, CAPYBARA, SPCXon",crawled
69,eth,0x12f775df,0x12f775df4d541853e51cc748096f7a4d2f861b75,638,300,250,254779.74,92,"TRILLIONAIRE, Henry, BOB, CRNC, HASH",crawled
70,eth,0xc84248de,0xc84248de43b69297e56366a26c812146628aca16,644,251,393,204308.63,156,"SCAT, MEMECOIN, STARMAN, Grokkybara, GROK 5",crawled
71,eth,LidoFinance,0x3e40d73eb977dc6a537af587d48316fee66e9c8c,0,0,0,0.0,0,,crawled
72,eth,CryptoCharming,0xcc291dcd83bd9f2600cca4d65ae3b724eaf4f5a9,35,14,21,42196.96,11,"SI, 爱, ASTEROID, KEK, wildebeest",crawled
73,eth,eggybug42069,0xbd6ebc277890dbf41283427f64b568906d5a96ec,224,61,163,152563.48,45,"BASED, WOJAK, SWOLPEPE, PLOUTΩS, fwWBTC",crawled
74,eth,0xab4a8a52,0xab4a8a526d63af3ab39eb6f6b072ca12176c78d6,148,64,84,30370.98,53,"USOon, EI, BELIEVE, Grokkybara, BOAR",crawled
75,eth,1d34h4z4rd,0xd33cbaad2d21810530351b86208d69ab6e184b40,356,274,80,244272.52,37,"NET, TOG, POGE, CHIRAQ, SPX",crawled
76,eth,key_sero,0x4cb75146e98562c9d79b31649c6c739e4dcb7cd5,392,138,191,58816.83,175,"NEXO, 444STR, PENGU, S*USDT, USDG",crawled
77,eth,0xa44db311,0xa44db311bf4401469d27f251b35928ddda047bf3,1530,804,726,143429.22,619,"HITMAN, OLJF47J, SBET6900, LELE, MEAT",crawled
78,eth,zsf11221,0xe4ef584eb114335ad6deedf89d845527a06e1d28,84,48,29,22481.19,16,"KIMCHI, SHIT, STARMAN, uPEG, CATALORIAN",crawled
79,eth,0xbc5e8874,0xbc5e88747673275d2c7e5dd9c1295a4d728dede6,1036,578,449,384369.99,163,"DAY5000, BIDEN, TAIL, PLOUTΩS, RFD",crawled
80,eth,0x591be26c,0x591be26c53aa3ed600c1c994ecbc2deb545bebb4,1750,916,831,9365682.59,650,"chairhead, KABALA, CAPYBARA, AAAAAA, RINGO",crawled
81,eth,aboy_nuel,0xa41d7cca4f220c286cf1b6d408882aca4dd3130d,33,11,22,2039.05,15,"SHIT, LBTC, NEWT, Hama, GOD",crawled
82,eth,HeesMerced,0xa007ccf234d7e5306615035bba0d32b0f5d25bde,58,31,27,26457.87,26,"swETH, GONER, ALLOW, CLAUS, GRETA",crawled
83,eth,Tma_420,0xdbd47f66aa2f00b3db03397f260ce9728298c495,143,62,81,73701.05,49,"NEAR, QUANT, PIPO, ILY, EAI",crawled
84,eth,thegreatola,0x33662e2a6f52348b8808903d948ad0456fd57b31,12,2,10,5501.27,5,"APE, POWER, PIRATE, XTREME, 420",crawled
85,eth,0x574793c2,0x574793c29e7013b985dfccf0e3639456769c8108,2516,1206,1309,510339.85,551,"CHLOE, STOCK, FLUFFEY, Odyssey, ROAD",crawled
86,eth,yaoyaogm,0xec82fa0b5956f0fe2c4ab4dd12b4514127787350,161,80,79,7100.8,65,"HASH98, Z, USUALX, SHIT, WPRL",crawled
87,eth,CryptoMage_YT,0x1609f039a96ce10756f5c6d403a80400dc081a02,38,11,22,44792.66,21,"LBTC, KERNEL, EBTC, NEWT, beraSTONE",crawled
88,eth,bizyugo,0x11d67fa925877813b744abc0917900c2b1d6eb81,761,257,436,26754273.01,170,"LABUBU, cvxCRV, deUSD, PYUSD, KERNEL",crawled
89,eth,1CryptoMama,0xfbd2291b98e612a64c4f81e40657354743df3ef9,30,10,20,18505.67,23,"wstETH, swETH, HYPER, ESP, LINEA",crawled
90,eth,k2_nft,0xeae49a86f0ffb1a1ff0979a6ca4c0701b03c0f4c,182,95,87,143993.77,50,"ARCD, USDC, wstETH, LOOKS, CHART",crawled
91,eth,0xe1962110,0xe19621107b963d6b69b55e4bfe2f124751b1143e,0,0,0,0.0,0,,crawled
92,eth,0xe7b31035,0xe7b31035db229b3cfc68a7a225df30b41ff1ec93,503,247,256,24293.73,73,"NOBL, NPX, ERN, CORN, SWITCH",crawled
93,eth,0xrap9,0xa1426c6f65fe804e05ce3c07a42412d735ef78bc,619,324,295,240446.83,152,"gPEG, DIABLO, CheatGPT, NOBIKO, JOKSJU",crawled
94,eth,bielzinn,0x0a907d90259efa012c06b3e4352851f4a125340a,7,0,7,498.52,1,RED,crawled
95,eth,0x90a48d5c,0x90a48d5cf7343b08da12e067680b4c6dbfe551be,4,0,0,0.0,1,FOX,crawled
96,eth,New100xGems,0x78f210557fcd6663f162c75ed0d96108e42e4f9c,22,15,7,1214.45,5,"SEND, FREE, SHRUB, PCGAMEFI, IMU",crawled
97,eth,cryptamurai,0x9b7d7c4ce98036c4d6f3d638a00e220e083116c7,193,89,86,567297.27,33,"WAIFU, ACX, swETH, DeTon, EOS",crawled
98,eth,xingxingxing88,0x987bbfe6c2fa4841ccd0da669998b3ef25235cff,1769,845,924,154534.09,320,"BILLY, ALIPE, ALIEN, STR, AMC6900",crawled
99,eth,3azima85,0x9d156bc7c8768294510a4a41883d5a4eb15b15e3,496,220,274,1969372.8,207,"SHINOKU, OLIVIA, SHIT, BVATAR, 科太币",crawled
100,eth,0x1f0fb5bd,0x1f0fb5bd8462ce044f34e77da6fb6891c81bae87,564,283,281,160521.26,193,"STX, SHIT, AUDA, STOCK, Grokkybara",crawled
