handle,rank,wallet_address,log_realized_profit,winrate_all_pct,winrate_30d_pct,winrate_7d_pct,trades_count_all,tokens_traded_all,avg_holding_period_sec,runner_5x_ratio,heavy_loss_ratio,followers_x,hhi_concentration,chain_entropy,network_co_holding_score,archetype
JackieTian7,1,0xcf2b7c6bc98bfe0d6138a25a3b6162b51f75e05d,5.3551,32.76,30.77,22.22,935,488,6641836.26,0.0082,0.0369,2333,0.25,1.7918,1.2,Multichain_Syndicate
0x51f9d44c,2,0x51f9d44c65e8da6bce596092dc0d41d07d97968c,5.6682,48.98,60.0,61.11,18141,183,6029353.38,0.0,0.0,55,0.25,1.7918,1.14,Ethereum_Whale_Accumulator
0x55f34221,3,0x55f3422138e9fed0bd81351bff66c882550002e8,4.7318,38.02,41.46,66.67,583,283,1730637.85,0.0141,0.1237,2355,0.25,1.7918,1.67,Multichain_Syndicate
panzonhl,4,0xf907877022b1e61232aca00661d6fb629b356d4c,4.6441,35.19,44.04,46.31,2017,752,449976.48,0.0066,0.0253,2509,0.25,1.7918,1.0,Ethereum_Whale_Accumulator
jTRIzPyo5nApJmo,5,0xfcdfda023f727dafa35e8ee2715bcd7411c86b21,6.3298,17.06,6.67,28.57,511,372,4052624.73,0.0027,0.0161,711,0.25,0.7672,1.0,Ethereum_Whale_Accumulator
0x6bba7df6,6,0x6bba7df6971127cb15fd78fdebe33eeff5a6dd59,4.3036,47.06,33.33,100.0,208,76,1735883.31,0.0132,0.0526,2226,0.85,1.7918,1.0,Multichain_Syndicate
erichsu_eth,7,0x5865363bb04450ab313dcd2e71a189efb3c31e41,4.4193,18.75,18.75,22.22,97,46,1635176.54,0.0217,0.1522,9646,0.25,0.0,2.0,Ethereum_Whale_Accumulator
0xleet,8,0x62e5332dcb286f1753d245707c91a38821bb5645,4.5185,39.13,39.13,57.14,407,131,2019747.87,0.0229,0.0382,1550,0.25,1.7918,1.67,Multichain_Syndicate
0xcd211569,9,0xcd211569a108fdac74d729ba7358a743a3c2e08d,5.1073,55.43,70.59,83.33,959,310,3388930.59,0.0097,0.1032,884,0.25,1.7918,1.8,Multichain_Syndicate
0xc05ef5e1,10,0xc05ef5e1fd014267f66fa24b260f361af7d79122,5.3145,41.33,38.82,50.0,2445,829,723769.16,0.0084,0.0193,265,0.25,1.7918,1.67,Multichain_Syndicate
milady,11,0x023ab8e20a4682d315daef4c91db96bd77934d66,5.1088,39.69,37.5,33.33,6834,521,4557051.81,0.0019,0.0345,1048,0.25,0.516,1.33,Ethereum_Whale_Accumulator
shenron__1,12,0xeeefff8ce2710fa490e0fcb794235e873c252d2e,4.0733,22.18,18.9,18.1,815,301,1848803.06,0.0033,0.01,2247,0.85,1.7918,1.0,Multichain_Syndicate
NeoCallss,13,0xe28601398a5448d1147e6e8b0e0c6d686f0d216d,4.6532,47.23,45.35,52.63,1033,416,1315366.45,0.0048,0.0361,28825,0.25,1.7918,1.0,Multichain_Syndicate
0x07f190b1,14,0x07f190b1a5776d523a903253a3cf994ae34466bb,4.3422,33.95,26.67,23.08,810,315,1855691.54,0.0349,0.073,28,0.25,1.7918,2.25,Multichain_Syndicate
justinsuntron,15,0x176f3dab24a159341c0509bb36b833e7fdd0a132,7.4697,12.5,50.0,50.0,2,1124,6919430.37,0.0,0.0,4298123,0.25,1.7918,1.0,Multichain_Syndicate
0x5420ba3a,16,0x5420ba3a8b8bf5272a20fc24e308d622db304fc6,4.791,16.36,15.79,33.33,117,69,1435104.46,0.029,0.058,285,0.25,1.7918,1.0,Multichain_Syndicate
yodacalls,17,0x371903abb32f5f69b536b77495e92adedfea25da,4.4675,36.07,28.45,32.61,1803,632,1659626.65,0.0095,0.0823,7297,0.25,1.7918,1.6,Ethereum_Whale_Accumulator
SuperL9,18,0x7e8fb0392542812476d9f2d0d71c01d1fa0776c5,3.777,31.29,48.15,52.0,987,403,1569076.29,0.0149,0.201,40018,0.25,1.7918,1.33,Multichain_Syndicate
OlympusDAO,19,0xa8687a15d4be32cc8f0a8a7b9704a4c3993d9613,6.0388,100.0,100.0,100.0,0,20,5945257.5,0.0,0.0,125582,0.85,0.0,1.0,Ethereum_Whale_Accumulator
DaniWorldwide,20,0xbac453b9b7f53b35ac906b641925b2f5f2567a89,4.9968,30.0,50.0,57.14,664,187,1458539.06,0.0214,0.1711,22536,0.25,1.7918,2.25,Multichain_Syndicate
aa_AFeng,21,0xbf004bff64725914ee36d03b87d6965b0ced4903,5.6632,55.63,71.88,73.33,11177,2000,5020947.04,0.0015,0.0845,55484,0.25,1.7918,1.17,Multichain_Syndicate
Unipioneer,22,0x61fd0d043d519f5a2bd05785000f30db96809429,4.8894,31.18,55.56,100.0,614,764,7152656.19,0.0052,0.0144,53493,0.85,1.7918,3.0,Multichain_Syndicate
dev_enjoys,23,0x28aa4f9ffe21365473b64c161b566c3cdead0108,4.3457,17.07,50.0,66.67,500,153,6878180.61,0.0,0.0196,4988,0.85,1.7364,1.0,Ethereum_Whale_Accumulator
0x40c20da8,24,0x40c20da8d0214a7ef33a84e287992858db744e6d,3.7334,7.69,100.0,100.0,16,84,7624129.75,0.0,0.0,7,0.25,1.7918,1.33,Ethereum_Whale_Accumulator
BMooon97_,25,0x5f9bc316d8473d8c6634bd26f3e0932cd6bf0718,3.2971,42.11,33.33,100.0,58,36,3566660.11,0.0,0.1667,4546,0.25,1.7918,2.0,Multichain_Syndicate
XIGUA0903,26,0x3472ccf6209925204b9cf352171ee150904fda7e,4.159,44.34,45.1,41.46,350,116,125289.5,0.0,0.0517,6710,0.25,1.7918,1.25,Multichain_Syndicate
Zemrics,27,0x9dbfded199ee3a6b291c223e65f97d387156aada,4.6471,37.56,53.49,100.0,1180,480,1146123.31,0.0187,0.0833,9571,0.25,1.7918,2.0,Multichain_Syndicate
SlikkneSs,28,0xafba765e49a4545569e955f6c4baba12e427bf64,4.9442,53.45,38.64,46.67,956,718,1717289.28,0.0195,0.0167,16846,0.25,1.7918,1.0,Multichain_Syndicate
0xcce7222e,29,0xcce7222e9b9fec1ebf52d62a9da692b88090f30b,3.9125,45.03,40.28,45.83,281,164,285331.42,0.0122,0.0183,306,0.25,0.0004,1.5,Ethereum_Whale_Accumulator
0xbee242d3,30,0xbee242d3a94420551c65f5b16d9a1c918910cccd,5.2246,13.28,18.64,23.33,5450,707,8263542.92,0.0014,0.0071,19,0.25,1.7918,1.12,Multichain_Syndicate
LuffyCallz,31,0x8295935703d543a6db78b9eede2f67f7d43b8622,4.0381,33.82,36.36,47.06,602,249,1882255.76,0.012,0.0602,994,0.85,1.7918,1.0,Ethereum_Whale_Accumulator
0x0deaa831,32,0x0deaa831df697157d33928af09eee9a7f4d58d2b,4.9539,71.64,76.47,90.0,3629,492,697874.13,0.002,0.0061,28,0.85,1.7918,1.0,Multichain_Syndicate
0xossalivan,33,0xf38ce55fe4e517e77e1056a54e64f22d43d88c3a,2.9763,28.57,29.27,34.69,259,94,119500.72,0.0,0.0213,108,0.85,1.7918,1.0,Ethereum_Whale_Accumulator
0x04624c07,34,0x04624c07e901e977daf6611a4a6724a00b5eb994,4.4018,27.27,22.22,100.0,397,240,7617306.77,0.0208,0.1042,880,0.85,1.7918,1.0,Ethereum_Whale_Accumulator
Beautrj,35,0x05c17ffad91bbd8e07bb896c15b792e073686183,3.4684,31.25,42.86,42.86,29,21,1081538.93,0.0,0.0476,1337,0.85,1.7918,1.0,Multichain_Syndicate
ZephyrTrading,36,0xb2d1af0746c410e146272e804b1741f07f83b851,3.9066,42.7,50.0,71.43,307,103,545954.23,0.0,0.0485,11176,0.85,1.7918,1.0,Ethereum_Whale_Accumulator
0xd1f78f02,37,0xd1f78f0215c5f735b4f9627737c103898158afaa,5.9377,32.39,30.21,26.47,1394,562,1340340.38,0.0089,0.226,120,0.85,1.7918,1.0,Multichain_Syndicate
4IxAadDeA128491,38,0xcae4ccfe670f8c2a4999f9dfaf44625110fce9e5,3.5626,12.0,50.0,50.0,69,131,6580148.75,0.0,0.0,115,0.85,1.7166,1.0,Ethereum_Whale_Accumulator
0x636aa161,39,0x636aa161f4924a0dbce40413a99c896250bc87a7,3.8937,41.5,40.82,30.77,1177,382,785490.66,0.0,0.0445,120,0.85,1.7918,1.0,Ethereum_Whale_Accumulator
0x409185f3,40,0x409185f31188ba48414f104ca19993c009bc9e64,4.2189,37.83,32.61,31.58,862,386,1196334.15,0.0285,0.0777,64,0.85,1.6051,1.0,Ethereum_Whale_Accumulator
feibo03,41,0xe1e3252b8b2f9bf2a8335389ba8ee62e6ea29407,3.6412,23.4,23.4,25.0,120,142,610170.03,0.0,0.0282,42711,0.85,1.7918,1.0,Multichain_Syndicate
antpositions,42,0xa83b73f5644cde337b61da79589f10ea15548811,5.0895,40.54,40.54,36.36,5457,1385,1306800.68,0.0029,0.031,5497,0.85,1.7918,1.0,Multichain_Syndicate
0x9a9937d0,43,0x9a9937d0b41931a5ad0c9cfda9ca79b9a78bdad6,4.1316,43.32,46.51,48.89,713,308,785889.23,0.0065,0.0162,103,0.85,1.7918,1.0,Multichain_Syndicate
0x54632df3,44,0x54632df3db2f9203caeffe46dd9ae9360b1eb200,4.2924,32.75,62.5,50.0,705,315,1066590.4,0.0032,0.0095,70,0.85,1.7918,1.0,Multichain_Syndicate
delucinator,45,0x473d3a2005499301dc353afa9d0c9c5980b5188c,5.6599,16.92,9.38,33.33,627,433,3551853.98,0.0,0.0092,28384,0.85,1.1562,1.0,Ethereum_Whale_Accumulator
0xRell,46,0x3391a39a1b508e54a361924a26056c01c1c2c07d,4.3647,36.6,50.0,40.0,1575,352,1893510.74,0.0,0.0568,9747,0.85,1.7918,1.0,Ethereum_Whale_Accumulator
Able777C,47,0xf41f0813e3e8670eac65d781adc91cc54525ad68,3.3855,40.0,40.0,25.0,149,20,115180.6,0.0,0.05,3681,0.85,1.7918,1.0,Ethereum_Whale_Accumulator
Walkerrzxyz,48,0xcc7b0969e8f622d8435b4ba34a47d70788e87a92,3.0728,48.57,66.67,66.67,110,50,1626595.29,0.02,0.04,9881,0.85,1.7918,1.0,Multichain_Syndicate
Axel_bitblaze69,49,0xd2ef10da66727627c68bed148e881c923c1baa77,3.8682,11.29,62.5,66.67,103,162,3862959.0,0.0,0.0123,129652,0.85,0.3588,1.0,Ethereum_Whale_Accumulator
ShinraHQ_,50,0x150952108f28dcaf4e4542090e67cd2696563944,4.2186,39.24,43.42,39.29,647,281,869188.61,0.0178,0.0996,2749,0.85,1.7918,1.0,Multichain_Syndicate
0x1fb07574,51,0x1fb07574dc38c0d50703b2e85c010aebb23a745d,4.2512,41.11,22.58,28.57,744,300,1815099.35,0.0067,0.0867,1472,0.85,1.7918,1.0,Ethereum_Whale_Accumulator
baolingD,52,0xa5435a66362844782ff6503274e99345b43b934b,2.7722,28.57,28.57,40.0,13,7,158.0,0.0,0.0,18795,0.85,1.7918,1.0,Multichain_Syndicate
kurtzxx,53,0xf78b066050e00fdb9b980e265aa9f317ef4b947c,4.6962,35.0,60.0,66.67,59,50,2350785.24,0.0,0.02,127837,0.85,1.7918,1.0,Multichain_Syndicate
CupseyV,54,0x0f84d2da979180394fbf9c4499febd0f602a6767,4.3107,54.23,59.29,66.67,1856,607,475778.25,0.0,0.0099,4544,0.85,1.7197,1.0,Ethereum_Whale_Accumulator
HunterOnlyETH,55,0x7a2363a401b2340c7941dd2eeff0196a5078d2e6,5.0234,41.69,50.0,46.15,3384,1016,4879820.97,0.0,0.0531,32899,0.85,1.7918,1.0,Multichain_Syndicate
888upupup,56,0x94cf7ed19901eb7d487c779e6d1baa87157b2d01,2.9941,37.5,100.0,100.0,49,26,4654583.28,0.0385,0.0385,1536,0.85,1.7918,1.0,Ethereum_Whale_Accumulator
0xcc32727c,57,0xcc32727cb42740e6a4f0f9c8bf0eba584d9bd377,3.9736,36.84,56.25,33.33,336,145,1561014.11,0.0138,0.0552,752,0.85,1.7918,1.0,Multichain_Syndicate
Huang2024,58,0x629fe6d73d5ca48c1b5e4ef35bb7319080c4aba5,4.7657,40.0,50.0,0.0,16,11,1971710.18,0.0,0.0909,25425,0.85,0.1633,1.0,Ethereum_Whale_Accumulator
punk6995,59,0xdf2a8e398b97899ecda4db93bb00eee386338d3a,3.8539,54.84,100.0,100.0,90,36,2241986.78,0.0,0.0556,7836,0.85,1.7918,1.0,Ethereum_Whale_Accumulator
Gonz1495,60,0xb0a8ad238ac4cd4fff78080e77933ccefbf785e4,4.873,44.38,57.14,50.0,3518,1203,2790381.99,0.0116,0.1222,1279,0.85,1.7918,1.0,Ethereum_Whale_Accumulator
PEPE_Whale69,61,0x4fbbc9ef478f0eefe88ebd499a598d382cd2c94f,2.6262,66.67,66.67,66.67,7,5,281642.4,0.0,0.0,9719,0.85,1.7918,1.0,Ethereum_Whale_Accumulator
0x50664ede,62,0x50664ede715e131f584d3e7eaabd7818bb20a068,6.5308,20.22,50.0,50.0,456,409,3281019.79,0.0,0.0147,29,0.85,1.7918,1.0,Ethereum_Whale_Accumulator
0xad6eaa73,63,0xad6eaa735d9df3d7696fd03984379dae02ed8862,5.7671,26.67,30.77,25.0,0,404,10175561.83,0.0,0.0,42,0.85,0.4826,1.0,Ethereum_Whale_Accumulator
xuxubaobao0819,64,0x9cd581ff7804f5f3caf35f55d3cf73fbf42f0072,2.4308,100.0,100.0,100.0,3,1,504.0,0.0,0.0,6688,0.85,0.0245,1.0,Ethereum_DEX_Scalper
pe___lu,65,0x347ffc6db9acc54ac2019795173b9599e8b82bd9,5.516,67.83,36.84,41.67,6719,2000,1345000.19,0.0285,0.0125,2867,0.85,1.7918,1.0,Smart_Alpha_Runner
0x858a4293,66,0x858a4293a9aa59ea2577cc57999f9e3689c01c2a,3.8329,53.92,57.89,66.67,357,131,2415500.52,0.0076,0.0916,17,0.85,1.7918,1.0,Ethereum_Whale_Accumulator
0xad40395b,67,0xad40395bd7af5a13bb9040975e5f0caa754c0b00,4.8376,51.83,40.0,100.0,648,382,3402153.21,0.034,0.0419,281,0.85,1.7918,1.0,Multichain_Syndicate
277422149x,68,0x40e569e9b5458c89b4910f3ecfade0f650e92a40,2.6613,42.0,42.0,42.86,142,53,123222.84,0.0,0.0189,983,0.85,1.7918,1.0,Ethereum_Whale_Accumulator
0x12f775df,69,0x12f775df4d541853e51cc748096f7a4d2f861b75,3.889,23.4,50.0,33.33,561,138,1562613.41,0.0,0.2029,156,0.85,0.3238,1.0,Ethereum_Whale_Accumulator
0xc84248de,70,0xc84248de43b69297e56366a26c812146628aca16,3.7514,49.74,54.55,57.14,670,200,300812.37,0.0,0.01,1865,0.85,1.7918,1.0,Multichain_Syndicate
LidoFinance,71,0x3e40d73eb977dc6a537af587d48316fee66e9c8c,5.3541,50.0,0.0,0.0,0,63,11911132.0,0.0,0.0,228238,0.85,1.7918,1.0,Multichain_Syndicate
CryptoCharming,72,0xcc291dcd83bd9f2600cca4d65ae3b724eaf4f5a9,3.9293,100.0,100.0,100.0,36,29,1052497.93,0.0,0.0,21407,0.85,1.7918,1.0,Multichain_Syndicate
eggybug42069,73,0xbd6ebc277890dbf41283427f64b568906d5a96ec,4.9662,22.22,50.0,100.0,240,88,3369152.0,0.0114,0.1591,10257,0.85,0.2032,1.0,Ethereum_Whale_Accumulator
0xab4a8a52,74,0xab4a8a526d63af3ab39eb6f6b072ca12176c78d6,3.0275,38.89,36.84,0.0,158,81,1136048.44,0.0,0.0,108,0.85,1.7918,1.0,Ethereum_Whale_Accumulator
1d34h4z4rd,75,0xd33cbaad2d21810530351b86208d69ab6e184b40,4.7059,47.06,100.0,100.0,364,89,4835807.0,0.0337,0.0562,18411,0.85,0.3559,1.0,Ethereum_Whale_Accumulator
key_sero,76,0x4cb75146e98562c9d79b31649c6c739e4dcb7cd5,3.2149,11.81,9.09,50.0,370,554,6732871.12,0.0,0.0235,5364,0.85,1.7918,1.0,Ethereum_Whale_Accumulator
0xa44db311,77,0xa44db311bf4401469d27f251b35928ddda047bf3,4.0605,40.43,46.15,50.0,1537,685,4530235.5,0.0131,0.1197,63,0.85,0.9946,1.0,Ethereum_Whale_Accumulator
zsf11221,78,0xe4ef584eb114335ad6deedf89d845527a06e1d28,2.8624,23.53,50.0,50.0,102,36,4351762.86,0.0,0.1389,12124,0.85,0.1005,1.0,Ethereum_Whale_Accumulator
0xbc5e8874,79,0xbc5e88747673275d2c7e5dd9c1295a4d728dede6,1.7888,11.11,16.67,16.67,10,33,2880316.0,0.0,0.0,176,0.85,0.0565,1.0,Ethereum_Whale_Accumulator
0x591be26c,80,0x591be26c53aa3ed600c1c994ecbc2deb545bebb4,5.0844,60.52,0.0,0.0,1767,813,6077993.67,0.048,0.0726,346,0.85,0.4615,1.0,Ethereum_Whale_Accumulator
aboy_nuel,81,0xa41d7cca4f220c286cf1b6d408882aca4dd3130d,2.1201,22.73,100.0,100.0,35,73,6396295.62,0.0,0.0274,7137,0.85,0.0878,1.0,Ethereum_Whale_Accumulator
HeesMerced,82,0xa007ccf234d7e5306615035bba0d32b0f5d25bde,3.3126,13.04,50.0,100.0,60,71,5347469.71,0.0,0.0423,5974,0.85,1.7918,1.0,Ethereum_Whale_Accumulator
Tma_420,83,0xdbd47f66aa2f00b3db03397f260ce9728298c495,3.0517,18.75,20.0,50.0,151,184,4426448.59,0.0,0.0109,62079,0.85,0.8866,1.0,Ethereum_Whale_Accumulator
thegreatola,84,0x33662e2a6f52348b8808903d948ad0456fd57b31,0.0,0.0,0.0,0.0,12,28,6791326.67,0.0,0.0,105522,0.85,1.1204,1.0,Ethereum_Whale_Accumulator
0x574793c2,85,0x574793c29e7013b985dfccf0e3639456769c8108,4.2576,30.3,33.68,50.0,2714,693,891337.97,0.0014,0.0548,115,0.85,0.0418,1.0,Ethereum_Whale_Accumulator
yaoyaogm,86,0xec82fa0b5956f0fe2c4ab4dd12b4514127787350,2.3781,17.54,40.0,100.0,184,109,3238140.84,0.0092,0.1101,20059,0.85,0.0035,1.0,Ethereum_Whale_Accumulator
CryptoMage_YT,87,0x1609f039a96ce10756f5c6d403a80400dc081a02,2.8452,19.05,0.0,0.0,38,49,6251839.4,0.0,0.0408,15272,0.85,0.9843,1.0,Ethereum_Whale_Accumulator
bizyugo,88,0x11d67fa925877813b744abc0917900c2b1d6eb81,5.2891,15.04,27.27,42.86,764,566,3426325.37,0.0,0.0247,74727,0.85,1.7918,1.0,Multichain_Syndicate
1CryptoMama,89,0xfbd2291b98e612a64c4f81e40657354743df3ef9,1.8834,5.26,0.0,0.0,34,68,3227116.0,0.0,0.0,136997,0.85,0.3105,1.0,Ethereum_Whale_Accumulator
k2_nft,90,0xeae49a86f0ffb1a1ff0979a6ca4c0701b03c0f4c,2.7724,30.0,0.0,0.0,236,123,10918243.0,0.0,0.0081,50,0.85,1.7918,1.0,Multichain_Syndicate
0xe1962110,91,0xe19621107b963d6b69b55e4bfe2f124751b1143e,0.0,0.0,0.0,0.0,0,0,0.0,0.0,0.0,2,0.85,0.1557,1.0,Ethereum_DEX_Scalper
0xe7b31035,92,0xe7b31035db229b3cfc68a7a225df30b41ff1ec93,3.4292,29.73,34.62,0.0,681,87,178119.44,0.023,0.0115,8,0.85,0.0183,1.0,Ethereum_Whale_Accumulator
0xrap9,93,0xa1426c6f65fe804e05ce3c07a42412d735ef78bc,4.1036,38.6,100.0,0.0,620,176,1658689.49,0.0057,0.0284,2023,0.85,0.0213,1.0,Ethereum_Whale_Accumulator
bielzinn,94,0x0a907d90259efa012c06b3e4352851f4a125340a,1.5934,33.33,0.0,0.0,11,10,4265234.0,0.0,0.0,7323,0.85,0.0325,1.0,Ethereum_Whale_Accumulator
0x90a48d5c,95,0x90a48d5cf7343b08da12e067680b4c6dbfe551be,3.8223,50.0,100.0,100.0,0,387,7040301.68,0.0,0.0,14,0.85,1.7918,1.0,Multichain_Syndicate
New100xGems,96,0x78f210557fcd6663f162c75ed0d96108e42e4f9c,1.8794,100.0,100.0,100.0,23,10,3664069.0,0.0,0.0,18797,0.85,0.1208,1.0,Ethereum_Whale_Accumulator
cryptamurai,97,0x9b7d7c4ce98036c4d6f3d638a00e220e083116c7,4.6226,4.65,100.0,100.0,183,114,5654550.67,0.0,0.0263,6684,0.85,0.0722,1.0,Ethereum_Whale_Accumulator
xingxingxing88,98,0x987bbfe6c2fa4841ccd0da669998b3ef25235cff,3.6596,40.74,42.86,0.0,1806,391,1195673.47,0.0,0.0179,746,0.85,0.0181,1.0,Ethereum_Whale_Accumulator
3azima85,99,0x9d156bc7c8768294510a4a41883d5a4eb15b15e3,5.0358,19.49,0.0,0.0,526,506,3240133.29,0.0059,0.1028,7606,0.85,0.0713,1.0,Ethereum_Whale_Accumulator
0x1f0fb5bd,100,0x1f0fb5bd8462ce044f34e77da6fb6891c81bae87,3.9526,42.71,42.11,0.0,597,221,1533415.58,0.0136,0.0271,102,0.85,0.1435,1.0,Ethereum_Whale_Accumulator
