trader_handle,symbol,token_address,chain,usd_value,portfolio_share_pct,co_holders_count
JackieTian7,STOCKER,0x75e2fc69ff2ac12af65ba7d321bbf4f878c535d2,ethereum,146.03,0.0,2
JackieTian7,WALLET,0x88800092ff476844f74dc2fc427974bbee2794ae,ethereum,150.71,0.0,1
JackieTian7,SASHA,0x93c2bd80cadcfeb541eb5af4052375bde8d6f24f,ethereum,40.03,0.0,1
JackieTian7,FEARNOT,0x51d4b72e6f7b4f5be826e8d215be32ce49273cf2,ethereum,45.97,0.0,1
JackieTian7,SMR,0x66746941e7415d9cc6c711b39aa8dbd6b1214252,ethereum,56.28,0.0,1
0x51f9d44c,UNI,0x1f9840a85d5af5bf1d1762f925bdaddc4201f984,ethereum,10321.68,0.0,2
0x51f9d44c,fwWBTC,0x2078f336fdd260f708bec4a20c82b063274e1b23,ethereum,2162.24,0.0,1
0x51f9d44c,fwCOINon,0x5b6727f343289bc69ba1e8d6589f0c7d6eafc468,ethereum,1125.19,0.0,1
0x51f9d44c,ONDO,0xfaba6f8e4a5e8ab82f62fe7c39859fa577269be3,ethereum,733.01,0.0,1
0x51f9d44c,fwUNI,0xe8e1f50392bd61d0f8f48e8e7af51d3b8a52090a,ethereum,31151.26,0.0,1
0x51f9d44c,fwWLFI,0x2164bd3e2d8b58850f646f35ab7c95360327e7f3,ethereum,388.22,0.0,1
0x51f9d44c,CRV,0xd533a949740bb3306d119cc777fa900ba034cd52,ethereum,1174.15,0.0,1
0x55f34221,NOOP,0x60257050ffbdb310e63139cb0bbb58baeb46dbed,ethereum,2119.45,0.0,2
0x55f34221,HOOKY,0x9f8d3ceccb3ca886cd43635d47611a248ea461d1,ethereum,981.13,0.0,2
0x55f34221,OG,0xce7eb1ad9e2e1c784ea05f7ea4a0fe625923d10a,ethereum,1025.94,0.0,1
panzonhl,ETHOHM,0xa5d7015dbb1433d6840cd322b8a5c5b2f10a40af,ethereum,152.39,0.0,1
panzonhl,MOTE,0x5a0e6e073a555723cc2eea2402e6545a3aecad87,ethereum,162.05,0.0,1
panzonhl,CAIRN,0x0d992116e3fa195f0d97f01775342cfb96a39dbd,ethereum,331.29,0.0,1
jTRIzPyo5nApJmo,variableDebtEthUSDT,0x6df1c1e379bc5a00a7b4c6e67a203333772f45a8,ethereum,0.0,0.0,1
jTRIzPyo5nApJmo,STRCx,0x1aad217b8f78dba5e6693460e8470f8b1a3977f3,ethereum,3232.54,0.0,1
jTRIzPyo5nApJmo,USDf,0xfa2b947eec368f42195f24f36d2af29f7c24cec2,ethereum,3721.71,0.0,1
jTRIzPyo5nApJmo,sUSDf,0xc8cf6d7991f15525488b2a83df53468d682ba4b0,ethereum,0.0,0.0,1
jTRIzPyo5nApJmo,NUSD,0xe556aba6fe6036275ec1f87eda296be72c811bce,ethereum,0.0,0.0,1
0x6bba7df6,ZTO,0xd782bdea4ef02a0bd391eb9089470c8080f0a68e,ethereum,1868.29,0.0,1
erichsu_eth,UNITS,0x95f8fbbab96207e8e4e0e5fa75f62e797e0aebcd,ethereum,45.85,0.0,1
erichsu_eth,OWL,0x93e0350ecd5b8a340c80aa06847bae11a5982ad5,ethereum,195.42,0.0,2
erichsu_eth,KLN,0x2cadc4f2660bb77a118b0e74fc9e48e935b3a1bf,ethereum,295.43,0.0,2
erichsu_eth,CLAUS,0x1b54e762aa34cf6e28e9c082f2848e28e45da6b8,ethereum,75.53,0.0,3
0xleet,VPAD,0xeb17ebe8f1e9aaedc2f566373fcbf210f3977777,ethereum,238.43,0.0,1
0xleet,BUNKER,0xceee8178c512f4541d5e33ede3cc821b0cf51361,ethereum,124.06,0.0,3
0xleet,EPOCH,0xa9fb402446f6ac3a73013882b68242040405e7db,ethereum,262.79,0.0,1
0xcd211569,SIMD,0xbb0c1f82a2ea0253ea3d91c2f05caded82133415,ethereum,714.93,0.0,1
0xcd211569,JOTCHUA,0x808c16ace7404777fe24a6777a9cb2335aa82451,ethereum,260.74,0.0,1
0xcd211569,STOCKER,0x75e2fc69ff2ac12af65ba7d321bbf4f878c535d2,ethereum,3290.47,0.0,2
0xcd211569,VOBL,0x1df8f9f4c2385a1d679977a594fecb7acb69d831,ethereum,21.12,0.0,4
0xcd211569,KLIK,0x5886e4d8d6a41a5ea2f3f77f23d7a7e942d581f1,ethereum,752.25,0.0,1
0xc05ef5e1,REPv2,0x221657776846890989a759ba2973e427dff5c9bb,ethereum,673.86,0.0,1
0xc05ef5e1,TXT,0xb12907dcd65e09871bbd6f1659436f3be310af65,ethereum,243.96,0.0,1
0xc05ef5e1,BUNKER,0x244eed1118c8cea41f6612594a20f639797371bf,ethereum,1256.67,0.0,3
milady,WPRL,0x07696dcab55e62cfef953666b29fe1970518cb00,ethereum,871.66,0.0,1
milady,ZC,0x4e67db19044549ff420860834c91b45bad298722,ethereum,880.67,0.0,2
milady,FWA,0xa0df17b5ac76ababa36e1450e2cbcd18a620c845,ethereum,218.34,0.0,1
shenron__1,GENIUSGUY,0x3de249eb0508ddbc7eae9be945929ea83662d670,ethereum,144.77,0.0,1
shenron__1,XMAN,0xabc54d3c4b0d32e5dc4e5933c5ad20ac8dcbe374,ethereum,349.27,0.0,1
NeoCallss,NESTED,0x189d8e88c075d551448868b82e45324e26d4d011,ethereum,581.58,0.0,1
NeoCallss,BANSUN,0x59f62cf35b108d80cbd3a00672ebbe26b7ffcf2e,ethereum,291.97,0.0,1
NeoCallss,SYDE,0x566068770d7830e96ba85cc7345263e90d094fe4,ethereum,152.18,0.0,1
NeoCallss,BRAIN,0x22cea166fb4e22bda777ea32090e67deef52d1c4,ethereum,280.12,0.0,1
0x07f190b1,KLN,0x2cadc4f2660bb77a118b0e74fc9e48e935b3a1bf,ethereum,542.7,0.0,2
0x07f190b1,KFA,0x99e3db9728b3c2136ac5edfd392d915fb3df706e,ethereum,122.88,0.0,1
0x07f190b1,DEFIB,0x38f6163796b8a48c460b07f862b26b0e7c23a152,ethereum,53.15,0.0,2
0x07f190b1,VOBL,0x1df8f9f4c2385a1d679977a594fecb7acb69d831,ethereum,91.75,0.0,4
justinsuntron,sUSDS,0xa3931d71877c0e7a3148cb7eb4463524fec27fbd,ethereum,0.0,0.0,1
justinsuntron,steakETH,0xbeef0046fcab1de47e41fb75bb3dc4dfc94108e3,ethereum,0.0,0.0,1
justinsuntron,gtWETH,0x2371e134e3455e0593363cbf89d3b6cf53740618,ethereum,0.0,0.0,1
0x5420ba3a,ETH,0x1577a206571b57cfebffdb358878a1657b13a224,ethereum,122.54,0.0,1
0x5420ba3a,PMD,0xc786cbf210e3ba8a5a45786356b859b8082c9d72,ethereum,1727.24,0.0,1
0x5420ba3a,HELIX,0x9c355950bd5634ef2b2935d356075c7c19b2386a,ethereum,422.92,0.0,1
yodacalls,INFER,0x392d21adc365031239b1d8cf5239f4a513b7e1a7,ethereum,18.09,0.0,1
yodacalls,UNI,0x1f9840a85d5af5bf1d1762f925bdaddc4201f984,ethereum,33.93,0.0,2
yodacalls,NOOP,0x27fd594d58fb467658a1fd8ab67833c536eb4bd6,ethereum,417.84,0.0,2
yodacalls,HOOKY,0x9f8d3ceccb3ca886cd43635d47611a248ea461d1,ethereum,59.93,0.0,2
yodacalls,OP_CAT,0x36b1ce80bb896885c28781627054824cb1a71532,ethereum,175.06,0.0,1
SuperL9,CAPYBARA,0x8a678978ea347bf827333b6478713c9edab2dddb,ethereum,73.16,0.0,1
SuperL9,SM,0x906182408fb4c0bf4948fe8c24c4105ad236c9ee,ethereum,244.35,0.0,1
SuperL9,TITS,0xb31deed00c4590a13e319a9a67df1c839b5fb406,ethereum,146.97,0.0,2
DaniWorldwide,OPIUM,0x7698136f5a4334d684bb9fe24cc5b0ce9eaf9b6d,ethereum,1271.87,0.0,1
DaniWorldwide,VOBL,0x1df8f9f4c2385a1d679977a594fecb7acb69d831,ethereum,945.97,0.0,4
DaniWorldwide,BUNKER,0xceee8178c512f4541d5e33ede3cc821b0cf51361,ethereum,1414.09,0.0,3
DaniWorldwide,Condo,0x8c35610d868e67c6189ab45bf39819583293214c,ethereum,1004.62,0.0,1
aa_AFeng,QI,0xbdaa766dc144568d85506dc696a655a1f7e4ff63,ethereum,121.74,0.0,1
aa_AFeng,TSUJI,0xa478adbaad995b73d481449f932619f03d4f25a0,ethereum,780.73,0.0,1
aa_AFeng,GATSBY,0x5d0ebc4ec5ac18d30512fb6287886245061b3dbd,ethereum,339.36,0.0,1
aa_AFeng,SNOWMOON,0x9f14215dd4c57b5eae0c6f69a5bf74fcaf13cccc,ethereum,1596.36,0.0,1
aa_AFeng,TREMOR,0xb2331c729e6dc15c908e4c4451bb96aa0adc4b6f,ethereum,437.3,0.0,2
aa_AFeng,RTR,0x28ae4a13de3055a557f900e2e5307da4ea5761bb,ethereum,507.25,0.0,1
Unipioneer,CLAUS,0x1b54e762aa34cf6e28e9c082f2848e28e45da6b8,ethereum,2025.62,0.0,3
dev_enjoys,FT,0x5dd1a7a369e8273371d2dbf9d83356057088082c,ethereum,573.14,0.0,1
0x40c20da8,wstETH,0x7f39c581f595b53c5cb19bd0b3f8da6c935e2ca0,ethereum,55510.2,0.0,1
0x40c20da8,stETH,0xae7ab96520de3a18e5e111b5eaab095312d7fe84,ethereum,388.32,0.0,2
0x40c20da8,MATIC,0x7d1afa7b718fb893db30a3abc0cfc608aacfebb0,ethereum,256.39,0.0,1
BMooon97_,CLAUS,0x1b54e762aa34cf6e28e9c082f2848e28e45da6b8,ethereum,3083.92,0.0,3
BMooon97_,ZC,0x2ca7b61b23b15e75ac7ab60dd6f627895d64a46e,ethereum,1747.69,0.0,2
BMooon97_,wildebeest,0x57737ded3870e43fed7d80d31e0ced3d5fb0cccc,ethereum,1875.72,0.0,1
XIGUA0903,TITS,0x21932f83b9dec882632eaccdd98f1abd97054d5e,ethereum,1083.85,0.0,2
XIGUA0903,BLASTAR,0x9694470872d2cd49262f43ab1b723aad4c354759,ethereum,333.98,0.0,1
XIGUA0903,SpaceXSi,0x427fba590b9c9d3b3bf4ca01d949fa6c0c16f488,ethereum,632.4,0.0,1
XIGUA0903,MELDAN,0x50f437defbe6bcb0f666e798242cf4cfe3fe0cc4,ethereum,588.56,0.0,1
Zemrics,DEFIB,0x38f6163796b8a48c460b07f862b26b0e7c23a152,ethereum,533.59,0.0,2
Zemrics,VOBL,0x7f8195defe284cadf5be432cdd606bcc1b87c0f6,ethereum,371.16,0.0,4
Zemrics,BINGUS,0x769aa362f01a76777f2ee92bbc67821468b22763,ethereum,367.75,0.0,1
Zemrics,BELIEVE,0xbe74508926de8f45d95ca1ed293d9711016eee6f,ethereum,445.18,0.0,1
SlikkneSs,PQCETH,0xa5a04e0ebba4aa4e49d2870b69275635ee51083f,ethereum,532.59,0.0,1
SlikkneSs,TAUFA,0x44e8e5d61e27e51cd18ff068661a80f8cdedf3ee,ethereum,1259.2,0.0,1
SlikkneSs,SCAT,0x54c68a4d0a21dbb1ad72faa052db159d26f967ea,ethereum,871.97,0.0,1
0xcce7222e,OWL,0x93e0350ecd5b8a340c80aa06847bae11a5982ad5,ethereum,595.79,0.0,2
0xcce7222e,Altruists,0xaf27cc9fa185e5c1dc5c2578360698c255ba03a0,ethereum,219.0,0.0,1
0xcce7222e,CYBERBEAST,0x48fbefb99de8c802120f87c84e0ab4e3e8bf9b85,ethereum,256.06,0.0,1
0xcce7222e,TREMOR,0x953b304a1fd288c6619b9b24cd3f543e80975f48,ethereum,109.63,0.0,2
0xbee242d3,VERSE,0x249ca82617ec3dfb2589c4c17ab7ec9765350a18,ethereum,119.67,0.0,1
0xbee242d3,BAT,0x0d8775f648430679a709e98d2b0cb6250d2887ef,ethereum,2500.0,0.0,1
0xbee242d3,RYU,0xca530408c3e552b020a2300debc7bd18820fb42f,ethereum,386.32,0.0,1
0xbee242d3,ETHx,0xa35b1b31ce002fbf2058d22f30f95d405200a15b,ethereum,1330.4,0.0,1
0xbee242d3,EIGEN,0xec53bf9167f50cdeb3ae105f56099aaab9061f83,ethereum,0.0,0.0,1
0xbee242d3,ZRO,0x6985884c4392d348587b19cb9eaaf157f13271cd,ethereum,0.0,0.0,1
0xbee242d3,apxUSD,0x98a878b1cd98131b271883b390f68d2c90674665,ethereum,4949.2,0.0,1
0xbee242d3,stETH,0xae7ab96520de3a18e5e111b5eaab095312d7fe84,ethereum,7456.97,0.0,2
