rank,handle,name,x_username,wallet_address,address_status,total_realized_profit_usd,primary_chain,sol_balance,eth_balance,robinhood_balance,arc_balance,monad_balance,trx_balance,active_chains_count,tags,realized_profit_all_usd,realized_profit_30d_usd,realized_profit_7d_usd,realized_profit_1d_usd,winrate_all_pct,winrate_30d_pct,winrate_7d_pct,winrate_1d_pct,volume_30d_usd,volume_7d_usd,volume_1d_usd,trades_count_all,trades_count_30d,trades_count_7d,buy_count_all,sell_count_all,tokens_traded_all,avg_holding_period_sec,pnl_gt_5x_count,pnl_2x_5x_count,pnl_lt_minus_dot5_count,fund_from_address,fund_tx_hash,fund_amount_sol,followers_x,archetype,hhi_concentration,chain_entropy,network_co_holding_score
1,DeeZe,DeeZe ‍,DeeZe,0xf5d4a3b9fb77d1d5600a10e0e1c4efd12f9be751,unmasked,495003.43,robinhood,0.0419,0.0419,0.0419,0.0419,0.0419,0.0419,0,['kol'],495003.43,495641.83,495540.86,0.0,33.33,50.0,50.0,0.0,15678.53,8910.79,0.0,22,7,6,6,16,22,1795239.42,0,0,0,,,,275132,Robinhood_Whale_Accumulator,0.85,0.7972,1.5
2,notfrydoteth,fry,notfrydoteth,0x311ef08626709a0de3aa84d396437773340e022d,unmasked,113311.72,robinhood,0.0123,0.0123,0.0123,0.0123,0.0123,0.0123,0,"['kol', 'fomo']",113311.72,113311.72,113546.18,0.0,50.0,50.0,50.0,0.0,5826.89,1882.24,0.0,7,7,4,3,4,11,600500.45,0,1,0,0xde94c4e276f47f9c310572d3b3fd9bccbc42c0ec,0xeeadbf622a8dc93bfc8f66a7259f40a99f409fcfa455b213f18d0921f03886db,0.079,15178,Robinhood_Whale_Accumulator,0.85,0.3254,1.5
3,Giann2K,Giann,Giann2K,0x4b10707123c79f6e99be486dcd95d60323988d76,unmasked,152548.46,robinhood,2.6977,2.6977,2.6977,2.6977,2.6977,2.6977,6,"['kol', 'gmgn', 'fomo', 'smart_degen', 'gmgn_go']",152548.46,61593.11,54964.14,0.0,51.6,53.45,100.0,0.0,84710.95,0.0,0.0,1557,263,0,579,978,1132,2814831.64,4,13,16,0x8a38e182f97acd9aa1abe57c77b24160c09aff3e,0xc04ae9379e26d9a00262fa72463dfb51c513b9aeec7dcd00501bf0ea119a71f3,4.6721,5052,Multichain_Syndicate,0.85,1.7918,1.0
4,OGDfarmer,DFarmer,OGDfarmer,0xd611a3350321558bda7d15da88e4b74eaf4c8986,unmasked,121715.89,robinhood,0.0787,0.0787,0.0787,0.0787,0.0787,0.0787,0,['kol'],121715.89,123711.69,13762.0,0.0,50.0,66.67,50.0,0.0,242023.7,0.0,0.0,188,143,0,77,111,192,4804963.12,2,0,0,,,,129235,Robinhood_Whale_Accumulator,0.85,1.2005,1.0
5,Beautrj,Beaut,Beautrj,0x05c17ffad91bbd8e07bb896c15b792e073686183,unmasked,183362.74,robinhood,12.0085,12.0085,12.0085,12.0085,12.0085,12.0085,6,"['smart_degen', 'kol', 'gmgn']",183362.74,105258.76,6608.06,454.98,50.99,56.52,58.82,50.0,549850.45,27581.15,1344.25,3362,1768,131,1291,2071,1683,853858.19,8,43,41,0xc4da46c0db51f63fafaa062e1125691e050bf04f,0x87474a59a5b3d2464caab399736ab7568db0b4409f8d21806a4b7c77cdeaddb1,1.8,1337,Multichain_Syndicate,0.85,1.7918,1.0
6,panzonhl,panz.hl,panzonhl,0xf907877022b1e61232aca00661d6fb629b356d4c,unmasked,112121.82,robinhood,0.5964,0.5964,0.5964,0.5964,0.5964,0.5964,0,"['gmgn_go', 'smart_degen', 'launchpad_smart', 'kol', 'gmgn']",112121.82,38021.37,6021.13,0.0,59.6,60.29,58.97,0.0,362512.92,24357.26,0.0,18002,2292,150,12021,5981,2000,623837.64,3,23,32,0xc914222bf6afa981c8b580717495a75ffe0a0a27,0xb5ce7bee6204468683cb39750a641af80cae9f7b621a057bb8553e8515c30265,0.003,2509,Robinhood_Whale_Accumulator,0.25,1.7918,1.0
7,0xff335b2c,ROBINHOOD_Trader_7,,0xff335b2c27f66910e67808382de6a1fd2389321d,unmasked,42730.3,robinhood,0.0024,0.0024,0.0024,0.0024,0.0024,0.0024,0,"['launchpad_smart', 'gmgn_go', 'gmgn']",42730.3,33770.19,5843.69,-151.46,14.37,13.42,32.0,44.44,146566.73,41744.42,555.45,6295,1140,137,3039,3256,2000,219210.51,10,26,214,0xc4f107089a02e5b3e52b99f73d19edb99e68dcc9,0xa68460bf50f85a4d74680ff0540e159b5a84b5c53adf3a2575e3524292b69c41,0.012,93,Robinhood_Whale_Accumulator,0.25,0.0878,1.0
8,CryptoCharming,CryptoCharming ,CryptoCharming,0xcc291dcd83bd9f2600cca4d65ae3b724eaf4f5a9,unmasked,17246.94,robinhood,4.843,4.843,4.843,4.843,4.843,4.843,6,"['gmgn_go', 'kol', 'gmgn']",17246.94,17246.94,5321.15,0.0,88.24,88.24,66.67,0.0,60060.84,21752.96,0.0,84,84,18,39,45,183,1260853.21,0,1,0,0x071745958a713db5196d1c037154542a268dd2a4,0xbc6a2424ac30e389a67fb47df6563e91d8def689052e4c36ecbd4ec46b4fabad,5.0,21407,Multichain_Syndicate,0.85,1.7918,2.0
9,0xfd410253,ROBINHOOD_Trader_9,,0xfd4102531f9a20101a9f7e42c76c253362c710c8,unmasked,234995.78,robinhood,3.4273,3.4273,3.4273,3.4273,3.4273,3.4273,6,"['launchpad_smart', 'gmgn', 'smart_degen']",234995.78,98709.3,4358.52,4252.07,47.04,44.68,42.86,66.67,611050.53,18855.09,11748.11,8276,4087,31,1611,6665,1215,461604.8,5,25,21,0x16be6df85eabee837e99be87ec83fb02fed07c23,0x896c9f546bab65336240da9218e25feb3dbc4fb5cbc1b7de90dae6df3ba61931,0.5814,375,Multichain_Syndicate,0.85,1.7918,3.0
10,poopshakes,poopshakes.eth,poopshakes,0x996a8f421435cf1f4e20f593facc87b18f1b95bd,unmasked,7784.5,robinhood,3.9473,3.9473,3.9473,3.9473,3.9473,3.9473,6,"['kol', 'fomo']",7784.5,8618.6,2983.24,338.57,23.08,50.0,100.0,100.0,15254.62,4289.14,483.58,79,30,4,25,54,140,3467926.07,1,1,6,,,,249,Multichain_Syndicate,0.85,1.7918,1.0
11,0x6e5823a9,ROBINHOOD_Trader_11,,0x6e5823a9f398549158ad3769b99f1fcb541038b4,unmasked,328231.92,robinhood,4.9112,4.9112,4.9112,4.9112,4.9112,4.9112,6,"['launchpad_smart', 'gmgn']",328231.92,141728.47,2659.27,0.0,72.49,76.0,75.0,0.0,876806.36,14146.1,0.0,5431,2373,33,1523,3908,895,1856009.44,3,38,6,0xd301b0e21acb392c488c4604a05fd3a97da63441,0x9a5aaa7f960ca89debb78609a2018965ed0b76107aa285baafca368735c7c773,0.3481,598,Multichain_Syndicate,0.85,1.7918,1.0
12,Cady_btc,表弟想自由,Cady_btc,0x7db1a182cddee6ea0483aead72efe945e11cc873,unmasked,12212.49,robinhood,0.3454,0.3454,0.3454,0.3454,0.3454,0.3454,0,"['kol', 'smart_degen', 'gmgn_go', 'fomo', 'gmgn', 'launchpad_smart']",12212.49,5141.65,2138.34,155.7,41.43,50.23,41.67,60.0,55022.33,7869.39,1311.56,2347,476,57,1086,1261,1480,1341614.68,3,8,8,0x1d6993454c357fbd0ef724461dbcfcf928961ae7,0x4f01736add0ab709ebef3278110bcc6904d938404e9e04bd779705b0eb6fc086,0.1,6087,Robinhood_Whale_Accumulator,0.25,1.7918,1.0
13,MageArez,Arez,MageArez,0xecb7208b4eba833001e0766f036fe5e8e7657039,unmasked,50277.74,robinhood,1.1263,1.1263,1.1263,1.1263,1.1263,1.1263,6,"['kol', 'gmgn', 'fomo']",50277.74,17321.71,1507.91,-37.5,41.11,38.36,40.0,25.0,340766.28,38407.01,2203.12,6058,1972,309,4237,1821,1637,1616673.4,1,3,93,0xf20095f5216273d822b1c32ae3767791a92fecc6,0x647a598e757e2cf7ba16cc2288f964faa0c7c530f5b7af6cfb50f25f2ec8c77c,0.6463,18177,Multichain_Syndicate,0.25,1.7918,1.0
14,shenron__1,Shenron ,shenron__1,0xeeefff8ce2710fa490e0fcb794235e873c252d2e,unmasked,304152.09,robinhood,3.8899,3.8899,3.8899,3.8899,3.8899,3.8899,6,"['kol', 'launchpad_smart', 'gmgn_go', 'gmgn']",304152.09,33430.94,1358.57,-191.94,40.02,37.92,22.58,0.0,784312.54,32380.14,926.0,13097,1966,116,5859,7238,2000,167903.39,5,19,19,0x4518dd705579bb43d2629d2425b0551180fccefb,0xab4f9b3da5a9419ab9ced420114aedae5d7edc1a4c00a24e9f22ae7c410fc9d1,0.6567,2247,Multichain_Syndicate,0.85,1.7918,3.0
15,Lkun_web3,Lkun,Lkun_web3,0x66666b6f617e5e89e0eaf2859f1020db2c08aabb,unmasked,5680.15,robinhood,0.0005,0.0005,0.0005,0.0005,0.0005,0.0005,0,"['smart_degen', 'gmgn_go', 'gmgn']",5680.15,833.16,1000.2,0.0,40.28,34.78,100.0,0.0,29111.36,2546.33,0.0,1899,151,5,786,1113,572,1506455.83,2,2,55,0x181d5f9188d40e0b95a8b939a40b7ca44e8f0001,0x2f6e51570f89d7f355a22a60ae2e0409413655578087f178335b948dd5e5dd0e,0.067,171,Robinhood_Whale_Accumulator,0.85,0.0234,2.0
16,ashtoshii,Ashtoshii,ashtoshii,0x76ea831e2a1e4116406509f3c1f403b7bf935849,unmasked,8375.9,robinhood,7.5397,7.5397,7.5397,7.5397,7.5397,7.5397,6,"['kol', 'gmgn_go', 'gmgn']",8375.9,11649.13,884.0,0.0,34.65,33.97,66.67,0.0,160174.44,4720.48,0.0,1088,479,9,547,541,602,1042071.65,1,7,73,0x2eabeeeb91d3158891f279a194eba8ac2afc0b68,0x0e3837a7ff9f19d0c6187e483506f7d99b5d212c469fd357a266df80bf8cd551,1.5,33853,Multichain_Syndicate,0.25,1.7918,1.0
17,mr_petisui,petipnl,mr_petisui,0x60ae9123642f9387e4c6d4ef07ebe086bcfb0aa5,unmasked,12117.6,robinhood,0.5775,0.5775,0.5775,0.5775,0.5775,0.5775,0,"['launchpad_smart', 'gmgn']",12117.6,12117.6,739.77,-12.23,34.21,32.15,32.5,0.0,401333.84,17028.81,545.72,20107,4363,190,7324,12783,2000,136266.97,0,3,5,0x370c01a1c2a11f1df56efd25570442233a12a094,0x3e5b06511f28eb56cb11dc2f0f8a3aba805bac3e8641f0653ef474d833d68b53,0.1544,292,Robinhood_Whale_Accumulator,0.85,1.7918,1.0
18,sweet919268,甜饼sweet,sweet919268,0xc58686fedf9504576fc06199ebca62cee00750b3,unmasked,1096.01,robinhood,0.2064,0.2064,0.2064,0.2064,0.2064,0.2064,0,['kol'],1096.01,997.04,716.64,0.0,75.0,66.67,100.0,0.0,2932.02,1435.54,0.0,48,41,25,24,24,55,2443490.25,0,0,1,0x6e2092a47d7914df347e134fe24c6f8735999999,0xf3e4ec7714d477dfc8c97d97ab233aaeb3bc04f7198298c696f9384a4758d8ad,0.001,26711,Robinhood_Whale_Accumulator,0.85,1.7918,1.5
19,0x491822b9,ROBINHOOD_Trader_19,,0x491822b9c505fd30c569c7b8aff0a9c1788e24c5,unmasked,86303.89,robinhood,1.218,1.218,1.218,1.218,1.218,1.218,6,"['gmgn', 'launchpad_smart']",86303.89,19884.65,668.2,-69.53,51.89,53.09,40.0,0.0,171444.84,5149.79,580.23,3071,796,18,1000,2071,741,401030.39,0,2,25,0x4a07407b4447930da8b9461d9324b48c05933868,0x45b57bf34f1c75c171f5afcea27b0d5ba8a497445b3c54da69e71afe292efd37,0.0563,96,Multichain_Syndicate,0.85,1.7918,1.0
20,LuxkyVN,Lxcky,LuxkyVN,0x6afb06fc5a0dae2a86b96088338236d02f999999,unmasked,3272.09,robinhood,0.0,0.0,0.0,0.0,0.0,0.0,0,"['kol', 'wash_trader', 'gmgn_go', 'gmgn']",3272.09,4069.36,666.72,0.0,26.44,14.29,25.0,50.0,154490.88,3512.5,0.0,894,153,11,675,219,208,2285450.15,0,2,3,0x819a6d42e5c02d8449a938cce0a60eecab71fc44,0x1ed82614a4d09b87710d3ae31bba61d6ea9a4be16757aff710b735bc37bf68c9,0.138,15581,Robinhood_Whale_Accumulator,0.85,0.0,1.0
21,collet9094,collet9094,collet9094,0xcc5ecdfc4f4b81e3363e6417031a4e3e3186a2f5,unmasked,21970.31,robinhood,4.7639,4.7639,4.7639,4.7639,4.7639,4.7639,6,"['kol', 'smart_degen', 'wash_trader', 'launchpad_smart', 'gmgn']",21970.31,14620.82,648.46,0.0,51.7,62.16,50.0,0.0,71459.89,11195.31,0.0,1147,233,14,348,799,652,3510290.28,1,5,11,0x5a5704556a04f7d41f09155048d0acb46a26149f,0xa46ff55e8928a848337b6a582b5bd8d82b4ceea415d96faec03ad45f3541a3e3,0.3811,43829,Multichain_Syndicate,0.85,1.7918,1.0
22,NeoCallss,NΞO,NeoCallss,0xe28601398a5448d1147e6e8b0e0c6d686f0d216d,unmasked,227728.74,robinhood,3.0087,3.0087,3.0087,3.0087,3.0087,3.0087,6,"['kol', 'smart_degen', 'gmgn_go', 'fomo', 'gmgn']",227728.74,42420.25,644.44,128.18,54.63,53.12,55.56,75.0,608004.35,10002.02,919.03,13046,2599,67,7106,5940,2000,1512701.29,8,29,55,0xd401bfeca15420cff401dd5113707b6416491d3c,0x81842511799acbaba0513dca77c17f5dfc557eb4de6ac012ddf70e01c0ffbbea,1.1032,28825,Multichain_Syndicate,0.25,1.7918,1.0
23,CoCoCookerr,CoCo,CoCoCookerr,0x5250dbcf6ac11c4c2cbd8dcaf5a6d019f3268ea8,unmasked,41003.31,robinhood,4.514,4.514,4.514,4.514,4.514,4.514,6,"['kol', 'gmgn_go', 'fomo', 'gmgn']",41003.31,554.87,602.38,0.0,34.61,30.18,100.0,0.0,431131.68,3333.94,0.0,4194,737,7,2174,2020,2000,2052792.36,7,7,51,0xaa56a424612749675846c6ead0fa55d3c1838e8f,0xc3b39a1246c5aa6441dc4fb5fe78270362765c2f2c98d97c6ef688ebff56db28,0.01,8086,Multichain_Syndicate,0.25,1.7918,1.0
24,HunterOnlyETH,金狗挖掘机 | 0xDavid,HunterOnlyETH,0x7a2363a401b2340c7941dd2eeff0196a5078d2e6,unmasked,338930.56,robinhood,1.2076,1.2076,1.2076,1.2076,1.2076,1.2076,6,"['kol', 'fomo', 'gmgn_go', 'gmgn', 'smart_degen']",338930.56,48440.36,560.04,0.0,61.36,60.8,57.14,0.0,308321.0,4371.15,0.0,12101,887,13,6362,5739,2000,1246928.89,9,41,56,0xf9bdcbf9be898a3e7b4e456067c77a2b9730e41c,0x36d742b30d549df414e25cdb3484a0c008376e4589b79d91b5192d21b15b3589,0.9442,32899,Multichain_Syndicate,0.25,1.7918,1.0
25,0xossalivan,professor,0xossalivan,0xf38ce55fe4e517e77e1056a54e64f22d43d88c3a,unmasked,74306.34,robinhood,15.2946,15.2946,15.2946,15.2946,15.2946,15.2946,6,"['kol', 'gmgn_go', 'gmgn']",74306.34,8071.68,548.51,-51.52,31.69,38.04,32.35,0.0,531487.67,23727.73,215.0,16019,2913,336,7853,8166,2000,146393.97,5,16,57,0xeeefff8ce2710fa490e0fcb794235e873c252d2e,0x077a7d2ce1f6cd871bef4809539d9d61cf096c1798b92675f4183ee37483f688,0.043,108,Multichain_Syndicate,0.25,1.7918,1.5
26,alkuap,alkuuu | AP,alkuap,0x1df3160f73fd6c1bec394c51fc20b7b2a91d6330,unmasked,17752.84,robinhood,0.348,0.348,0.348,0.348,0.348,0.348,0,"['kol', 'fomo', 'gmgn_go', 'smart_degen', 'gmgn']",17752.84,1286.13,439.45,0.0,43.44,34.83,32.35,50.0,119119.29,18647.2,0.0,5558,535,84,2738,2820,2000,1237895.08,2,9,36,0xf961a9fbff8f1d9aebcf99035b9c32a219ad7fce,0xd4950244527911f7542c112ff7be3d80a67f26a47d76d18ac1383977817805c4,0.7824,2823,Robinhood_Whale_Accumulator,0.85,1.7918,1.0
27,Hankusun,Hank ,Hankusun,0x5bce90b1eae5af116780b216e5f798b2d4ce08ef,unmasked,-3772.71,robinhood,0.3531,0.3531,0.3531,0.3531,0.3531,0.3531,0,"['kol', 'gmgn', 'gmgn_go']",-3772.71,164.44,367.46,0.0,5.26,33.33,100.0,0.0,1644.46,1454.49,0.0,80,5,2,59,21,33,1796419.91,0,0,11,0x2fe3c1cc641b2463cee2857ac520e111fbe11fdf,0xcfedd5921566eb7a170f09b6fc34864e54e890c130671479ed10250133e12d40,0.3,80374,Robinhood_Whale_Accumulator,0.25,1.7918,1.0
28,0x7649a32e,ROBINHOOD_Trader_28,,0x7649a32e792d2b59d3d616fef17700ec70e27d1a,unmasked,51167.54,robinhood,22.1352,22.1352,22.1352,22.1352,22.1352,22.1352,6,"['smart_degen', 'gmgn_go', 'fomo', 'gmgn']",51167.54,10548.41,346.64,0.0,53.29,58.33,75.0,0.0,151433.84,2919.7,0.0,1763,522,12,642,1121,1830,1728617.69,2,11,42,0x3807771db053dae9ead980692b6ef85c9c10f0bd,0x487be5b9e0a78f51f8dae6a7c336db851e4b71bcc0c8ba6c86ca7023fe84fda8,0.0428,1057,Multichain_Syndicate,0.25,1.7918,1.0
29,0xmarcheria,stwn.,0xmarcheria,0x0ec2c400b9db045bab16996cd25d64a05be48752,unmasked,67834.17,robinhood,2.1071,2.1071,2.1071,2.1071,2.1071,2.1071,6,"['smart_degen', 'gmgn_go', 'gmgn']",67834.17,2302.22,340.78,288.29,54.03,60.87,80.0,100.0,16296.08,3052.09,756.13,2841,69,18,1139,1702,1307,2058999.21,10,14,39,0x786a0c878875c1b83362c707f56b5c40f93bbf63,0xbd086a8708b62360ece5cfd39f2fc05f724662e3c03f8064af50e2ee9ce1d679,0.0288,28,Multichain_Syndicate,0.25,1.7918,1.25
30,rob02643673_rob,枯坐p小将,rob02643673_rob,0x2ce9d43d1cba6ae31d7f07bfe0098dfa2d833373,unmasked,79780.55,robinhood,22.6833,22.6833,22.6833,22.6833,22.6833,22.6833,6,"['kol', 'fomo', 'gmgn_go', 'gmgn']",79780.55,20989.39,330.5,0.0,58.72,55.37,33.33,0.0,151871.72,2709.13,0.0,3091,425,7,1335,1756,1862,2425265.41,10,47,59,0x8a299dd2cd1c46c3776f23e5aa2be32512c6f2da,0x59fcfd81c9ebffa711543f3b64e1f75e8238519f33a284cd9288a3ffdaf30cf0,0.0033,15813,Multichain_Syndicate,0.25,1.7918,1.0
31,0x1c22ad9c,ROBINHOOD_Trader_31,,0x1c22ad9c05b7c2b805bffbd93c78178dc69a9444,unmasked,11791.4,robinhood,4.4821,4.4821,4.4821,4.4821,4.4821,4.4821,6,"['smart_degen', 'launchpad_smart']",11791.4,28.75,315.0,108.16,52.6,50.0,100.0,100.0,15375.27,1474.52,531.36,929,48,8,371,558,303,1314192.85,0,1,9,0x4ef8f9034d649ce1ce4aac329d43e86997ffe08d,0xa8e225242c70566e7bc72dc96c5a5e8038fd8b8e2b84e5b32e3d79f381d03fa4,0.0112,114,Multichain_Syndicate,0.85,1.7918,1.0
32,0xf672ce59,ROBINHOOD_Trader_32,,0xf672ce59fafd2a173d275abc626087b1eae874a2,unmasked,51843.53,robinhood,1.2381,1.2381,1.2381,1.2381,1.2381,1.2381,6,"['smart_degen', 'fomo', 'gmgn']",51843.53,11245.3,313.62,0.0,61.68,64.42,77.78,0.0,67194.08,2717.36,0.0,3507,489,22,1810,1697,1800,1478914.22,15,32,20,,,,2678,Multichain_Syndicate,0.85,1.7918,1.0
33,kurtzxx,kurtz,kurtzxx,0xf78b066050e00fdb9b980e265aa9f317ef4b947c,unmasked,126959.79,robinhood,3.4576,3.4576,3.4576,3.4576,3.4576,3.4576,6,"['kol', 'fomo', 'gmgn_go', 'smart_degen', 'gmgn']",126959.79,76359.29,309.78,0.0,71.83,78.15,100.0,0.0,205112.87,1020.31,0.0,1255,515,6,447,808,1131,2603557.96,8,26,16,0x6812457d7c0e1a87111b7002e9a1942561e73bac,0x4cc7477d36881188080c4da4010bd10027053f6346a22fcc32cc8f9b676e392b,0.0111,127837,Multichain_Syndicate,0.85,1.7918,1.0
34,Saint_pablo123,Sebastian Orellana,Saint_pablo123,0x9631335762e3603d2a7507d84838aa3236d52745,unmasked,172106.51,robinhood,2.7123,2.7123,2.7123,2.7123,2.7123,2.7123,6,"['kol', 'gmgn_go', 'fomo', 'smart_degen', 'gmgn']",172106.51,1714.99,309.67,0.0,32.86,35.58,100.0,0.0,716388.31,12369.08,0.0,4848,1064,10,2669,2179,1640,1427898.45,6,18,98,0x3807771db053dae9ead980692b6ef85c9c10f0bd,0xe1baecfa3de5f2259060803f9dd13f96f716a35d2cb1d0f334f37ee8281d0ccc,0.5075,26837,Multichain_Syndicate,0.85,1.7918,1.0
35,0x9f191441,ROBINHOOD_Trader_35,,0x9f1914410af972a5c54e3707e64caae5c3b5b990,unmasked,8375.02,robinhood,0.4678,0.4678,0.4678,0.4678,0.4678,0.4678,0,"['launchpad_smart', 'smart_degen', 'gmgn']",8375.02,3156.62,258.95,0.0,42.71,43.29,62.5,0.0,42786.99,4568.6,0.0,1081,482,19,521,560,483,378766.42,0,3,8,,,,118,Robinhood_Whale_Accumulator,0.85,1.7918,1.0
36,toptickcrypto,τop τick crypτo,toptickcrypto,0x2fcc020f72e5d2edd2a24d04f3dc90d7fdfbd1dd,unmasked,4772.51,robinhood,0.0053,0.0053,0.0053,0.0053,0.0053,0.0053,0,['kol'],4772.51,4649.48,254.11,0.0,31.11,37.04,33.33,0.0,81718.19,1331.27,0.0,229,132,4,109,120,126,998424.9,1,2,17,,,,18683,Robinhood_Whale_Accumulator,0.85,0.1668,1.0
37,0x49f91579,ROBINHOOD_Trader_37,,0x49f91579477f2e55a28560e1cb5ea07a921bc616,unmasked,77813.44,robinhood,3.7235,3.7235,3.7235,3.7235,3.7235,3.7235,6,"['smart_degen', 'launchpad_smart', 'gmgn']",77813.44,19745.04,243.52,0.0,53.33,76.06,100.0,0.0,179189.83,1884.86,0.0,1668,454,6,819,849,379,378454.75,5,6,26,0xc5594cfc7591e47dade06d322e67b6091a0f31d3,0x8332676f4bd24076f3ac17457dcd4c9ac6eeb4fabcf654cd0ed6bd9532db145b,1.0,146,Multichain_Syndicate,0.85,1.7918,1.0
38,0x81d20b2c,ROBINHOOD_Trader_38,,0x81d20b2c34d37e406659a80008723b4ea815717d,unmasked,52204.7,robinhood,2.2101,2.2101,2.2101,2.2101,2.2101,2.2101,6,"['smart_degen', 'fomo', 'gmgn']",52204.7,12221.47,218.04,0.0,61.66,66.67,66.67,0.0,67488.26,2619.64,0.0,3563,488,22,1833,1730,1826,1434120.32,15,33,17,0x17bdb888904d785208c9d6404ceada0f15e10b5e,0x7c2a8da8e27e33450c437bc7ded400a82a1dea0727576b0cb651194154f3401c,4.1899,1900,Multichain_Syndicate,0.85,1.7918,1.0
39,0xb4e271c9,ROBINHOOD_Trader_39,,0xb4e271c9fd815d7d71e385f4f0ce59813cbf7d0f,unmasked,13466.37,robinhood,0.7131,0.7131,0.7131,0.7131,0.7131,0.7131,0,"['smart_degen', 'launchpad_smart', 'fomo', 'gmgn']",13466.37,852.31,165.57,0.0,41.86,41.18,54.55,0.0,49094.56,2583.38,0.0,6294,889,37,3026,3268,2000,476220.3,3,16,18,0x6a79ad5b3568e15eb2b04375577aa6b303f34e59,0x38029ef07c8f43ab7c3276fa2594d6d4f3ce12cacc8d69d7972c44084d57f929,0.0406,88,Robinhood_Whale_Accumulator,0.85,1.7918,1.0
40,beijingdou,Josh Ong,beijingdou,0xaf469c4a0914938e6149cf621c54fb4b1ec0c202,unmasked,346.98,robinhood,0.0031,0.0031,0.0031,0.0031,0.0031,0.0031,0,"['kol', 'fomo']",346.98,142.51,146.63,165.0,66.67,75.0,71.43,100.0,1665.83,514.39,160.61,32,20,10,20,12,105,3572129.82,0,0,1,,,,138060,Robinhood_Whale_Accumulator,0.85,0.1064,1.0
41,Megga,Megga,Megga,0x8670a54764108f7b215cc64eed143edccc8cdc90,unmasked,34714.17,robinhood,3.9903,3.9903,3.9903,3.9903,3.9903,3.9903,6,"['kol', 'fomo', 'gmgn']",34714.17,13159.77,138.12,0.0,38.6,33.17,100.0,0.0,300627.31,701.51,0.0,4452,1570,2,2453,1999,1707,1344322.81,4,16,91,0xc2023cbc6bea923e9079f6d6b5680c0513f4d7bb,0xded3cc95a5b810c26639bb3f15f7c51cfc347380b12cf1ed97f3aebcb590e05e,1.0,566467,Multichain_Syndicate,0.85,1.7918,1.0
42,0x5671931e,ROBINHOOD_Trader_42,,0x5671931edf52097bee96b8d791b3cb4d06510da4,unmasked,16861.14,robinhood,3.3754,3.3754,3.3754,3.3754,3.3754,3.3754,6,"['launchpad_smart', 'smart_degen', 'gmgn']",16861.14,10363.28,100.2,1.87,48.81,47.58,57.14,100.0,280563.27,7383.32,350.49,3414,1171,28,1663,1751,1352,247046.38,0,5,22,0x80d24da12109531cc3077339f162d2a3454068a7,0x656497e62a2ace46bb1756905e3829b0a84ee4d1581b95e9f6f20bb3b5cf55c9,0.0862,34,Multichain_Syndicate,0.85,1.7918,1.0
43,0x09937da7,ROBINHOOD_Trader_43,,0x09937da7cb8ea8f7779183605bde2b019b1352d4,unmasked,19623.31,robinhood,0.7207,0.7207,0.7207,0.7207,0.7207,0.7207,0,"['launchpad_smart', 'gmgn']",19623.31,3577.78,87.4,29.29,45.52,50.39,50.0,50.0,40834.85,3432.4,590.35,2319,282,21,1090,1229,947,129661.34,1,8,15,0x786a0c878875c1b83362c707f56b5c40f93bbf63,0xb9c4dea3bba9d3c430e1de7d0ddfdbc7195b93f9e7617d6b9c6fe34863667c71,0.2063,525,Robinhood_Whale_Accumulator,0.85,1.7918,1.0
44,s1mple_s1mple,^1s1mple,s1mple_s1mple,0x00241901735b6fd9a8c7e2a0448ee09d01cd767e,unmasked,456.16,robinhood,0.5331,0.5331,0.5331,0.5331,0.5331,0.5331,0,"['kol', 'fomo', 'gmgn']",456.16,456.16,72.91,0.0,30.43,30.43,33.33,0.0,19767.6,1910.97,0.0,67,67,8,31,36,135,1924126.14,0,0,1,0x6a48f36bca00f58447cfe897e55320131ea6ccaf,0xcc10919da576fc97923ff3372ca1254d221690ce151b99d9695bd2016c1caff0,0.0608,11282,Robinhood_Whale_Accumulator,0.85,1.7918,1.0
45,that_techieboy,Feezy(),that_techieboy,0xc19ec062da833a411959799b3e3c32abefcb0285,unmasked,68.69,robinhood,0.0001,0.0001,0.0001,0.0001,0.0001,0.0001,0,['kol'],68.69,68.69,68.69,68.69,100.0,100.0,100.0,100.0,151.02,151.02,121.86,8,8,8,3,5,21,144093.38,0,0,0,0x1b2882868b5939ac2f3e146634027cba8e65b7d1,0xb829099e6ae15fa39212710106333774fba710e5d44a5e44a8b76ad01c8f89e3,0.0026,6867,Robinhood_Whale_Accumulator,0.85,0.0045,1.0
46,TurtleTavernTV,Tavern,TurtleTavernTV,0x664d6645a04be9e27a8b33088f85025f29d45dc1,unmasked,48119.68,robinhood,25.7337,25.7337,25.7337,25.7337,25.7337,25.7337,6,"['kol', 'gmgn_go', 'gmgn', 'smart_degen']",48119.68,9100.78,55.54,0.0,55.27,55.26,60.0,0.0,66736.83,1676.23,0.0,2139,424,10,918,1221,1199,1897991.35,8,17,40,0x786a0c878875c1b83362c707f56b5c40f93bbf63,0xfee05ad269e3fbfcdb38428a424fda482bf8436dbec221fcacbec3670d61ecb8,0.8001,27956,Multichain_Syndicate,0.85,1.7918,1.0
47,0x09534d56,ROBINHOOD_Trader_47,,0x09534d56a013ef3c4f9de4e082869c109463b9e0,unmasked,19383.51,robinhood,0.1344,0.1344,0.1344,0.1344,0.1344,0.1344,0,"['launchpad_smart', 'gmgn']",19383.51,11303.64,49.37,-173.77,36.02,35.7,18.0,0.0,103775.4,9350.81,1447.46,3612,1669,166,1902,1710,962,220689.8,4,14,31,0x4fa5d9c02fdf834e57c8b6692329d5a772476426,0x6f17d9715314f98cb2ba00f46d0934f7a5570b55f799f5e5f82caf94c59931a4,0.406,18,Robinhood_Whale_Accumulator,0.85,1.6182,1.0
48,sasamaru330,ササ丸.base.eth | ETHGas ,sasamaru330,0xcfdd6cb5aea4c6da545efe9201bc8c3ae959aa79,unmasked,14.73,robinhood,0.1814,0.1814,0.1814,0.1814,0.1814,0.1814,0,['kol'],14.73,5.24,35.3,35.3,22.22,14.29,100.0,100.0,343.89,106.08,106.08,37,24,7,19,18,29,1644090.93,0,0,1,,,,7985,Robinhood_Whale_Accumulator,0.85,1.7918,1.0
49,technoviking46,tech,technoviking46,0x3d06315c94ac30b6061c91caf748fc2db04a89f4,unmasked,39973.91,robinhood,5.331,5.331,5.331,5.331,5.331,5.331,6,"['kol', 'fomo', 'gmgn_go', 'gmgn', 'smart_degen']",39973.91,15342.16,34.4,0.0,72.7,66.3,100.0,0.0,45662.96,163.81,0.0,918,251,1,384,534,1156,2552089.67,7,22,14,0x3807771db053dae9ead980692b6ef85c9c10f0bd,0x751914eb86948cc9b809d10716be8c56ea4a829e4e6f3cc2005a2a7139c63ba9,0.1474,70631,Multichain_Syndicate,0.85,1.7918,1.0
50,0x4ccc4a92,ROBINHOOD_Trader_50,,0x4ccc4a922efdaf2179f651523a6c0c598c1216b0,unmasked,38990.14,robinhood,0.4336,0.4336,0.4336,0.4336,0.4336,0.4336,0,"['launchpad_smart', 'gmgn']",38990.14,14645.59,32.64,0.0,54.95,51.38,33.33,0.0,189499.49,2372.55,0.0,2090,522,10,872,1218,388,165977.62,1,2,7,0x3807771db053dae9ead980692b6ef85c9c10f0bd,0xaed44b56970f704b3d6edf44ab3bd0de2c8019b11b4fe2dd64a67eaeae1d4617,0.1196,16,Robinhood_Whale_Accumulator,0.85,1.7918,1.0
51,hzjxhcyy,古月月,hzjxhcyy,0x877af245c61289b24f0c619a4346cdbc68f1aaac,unmasked,18191.75,robinhood,0.8465,0.8465,0.8465,0.8465,0.8465,0.8465,0,"['kol', 'gmgn_go', 'smart_degen', 'gmgn']",18191.75,3514.27,24.21,0.0,42.91,46.67,100.0,0.0,36738.03,675.78,0.0,4047,151,2,2281,1766,1541,2091567.8,1,5,23,0x01a42c14dc9eba73f0d3bb2756d3abeeee184694,0x396e86a7212ce1a566d4deb2773bf3187a02de641ef180130d7209f26e467cd0,0.1049,3112,Robinhood_Whale_Accumulator,0.85,1.7918,1.0
52,silenth0dler,silenth0dler,silenth0dler,0x1247620ae3681c4038efedb17d4517e889860ced,unmasked,25.94,robinhood,0.0199,0.0199,0.0199,0.0199,0.0199,0.0199,0,['kol'],25.94,21.9,21.9,20.13,100.0,100.0,100.0,100.0,0.0,0.0,0.0,5,0,0,4,1,31,2327741.84,0,0,0,0x40b060a0ac95db3d5211b687511632b46c5d3bb7,0x8b6967b101fc785911fa8e711ef52bd4f3689dbe4f22367b6adba125e22002f2,0.012,8924,Robinhood_Whale_Accumulator,0.85,0.4677,1.0
53,0xblackchip,black chip,0xblackchip,0xacd0cea3607626a6198bbb50718eb84ee7e5799d,unmasked,1343.51,robinhood,0.0832,0.0832,0.0832,0.0832,0.0832,0.0832,0,"['kol', 'gmgn_go', 'gmgn']",1343.51,19.65,19.65,0.0,75.0,100.0,100.0,0.0,91.49,91.49,0.0,7,1,1,3,4,240,5383862.82,0,0,0,0x8d948db4528b9b8c85db0a2e743401ef4a3f3e46,0x321a298a5bfd425ec286e9b0bacf848edb9ce81892ae46d8e6918287f07daa09,15.0,7489,Robinhood_Whale_Accumulator,0.85,1.2411,1.0
54,pheromones_sol,Phero.hl,pheromones_sol,0x4a30496554ef401e4b687189f7df6efe4b3e0249,unmasked,45636.92,robinhood,7.3689,7.3689,7.3689,7.3689,7.3689,7.3689,6,"['kol', 'gmgn_go', 'launchpad_smart', 'gmgn', 'smart_degen']",45636.92,4857.32,15.27,-274.96,47.8,41.59,46.03,20.0,180382.9,20035.0,788.59,13633,993,136,7470,6163,2000,213942.71,1,21,110,0xa7921c11d750866b81c331d13af6899507f9d7c1,0xc3a30ee4d03d69bc4b35cecdb58dcccccc31c187afef45b700b99036eace06d6,0.1749,12152,Multichain_Syndicate,0.85,1.7918,1.0
55,Brian_Degens,Degenerate Brian,Brian_Degens,0xe475cd3f0d0a77ec581bb6540abef60b0f3f0d57,unmasked,26553.53,robinhood,1.154,1.154,1.154,1.154,1.154,1.154,6,"['kol', 'gmgn_go', 'gmgn']",26553.53,8353.29,11.99,0.0,37.69,30.23,100.0,0.0,68732.65,861.85,0.0,808,288,2,405,403,669,2663970.29,6,6,15,0xe5278c12a26d3737c40d60801c070716342d4388,0x6f3bffc67e9ea5c39299a170e242a64997d5eff8ce8e591d0c8dc88171dec7a2,0.14,12663,Multichain_Syndicate,0.85,1.7918,1.0
56,JMchemax,Chemax.eth,JMchemax,0x07e1a6b52085b99fd955988c18f205130afb53ea,unmasked,9192.87,robinhood,0.0303,0.0303,0.0303,0.0303,0.0303,0.0303,0,"['fomo', 'gmgn_go', 'launchpad_smart', 'gmgn']",9192.87,3794.76,11.05,0.0,49.83,49.81,50.0,50.0,174158.22,2195.29,167.69,3450,1267,15,1444,2006,792,560103.52,0,0,4,0x1dd808cf51510fa4646f2a968c84577e606c74fa,0x2c7aa9d20074a54886143fa3c20747c5bbafb3e144fcfe020f44460138026ff6,0.0112,403,Robinhood_Whale_Accumulator,0.85,0.6352,1.0
57,jurbo_eth,jurbo,jurbo_eth,0x70ad955d5f34991e81dad7ce2bbe418f8d5edc07,unmasked,32.62,robinhood,0.0004,0.0004,0.0004,0.0004,0.0004,0.0004,0,"['kol', 'fomo']",32.62,43.83,10.86,0.0,16.0,25.0,100.0,100.0,1160.94,281.24,0.0,105,36,5,43,62,192,3954918.48,0,0,0,0x2fc617e933a52713247ce25730f6695920b3befe,0x141adb1c6931fb5a0440916cf45105ddf0578f416b05520e28a1daa5892e4a2f,0.0003,762,Robinhood_Whale_Accumulator,0.85,0.0191,1.0
58,paralog1,Hasan,paralog1,0x5c14c517991c2bd72c3495efed8c9aefdbd8b8e1,unmasked,1501.06,robinhood,0.787,0.787,0.787,0.787,0.787,0.787,0,['kol'],1501.06,120.91,8.69,0.0,37.5,33.33,100.0,0.0,2053.88,140.06,0.0,36,16,1,18,18,22,2292505.18,0,0,0,0xfbf64d561968adab7cba5b3cd7d0e60c8fc2805c,0x14d44eaf7b534b53622e5dfbe966c755e9ec47a117ae58f9c6f4a54a416b7b96,0.499,40660,Robinhood_Whale_Accumulator,0.85,1.7918,1.0
59,jusCarl0s,carl0s,jusCarl0s,0x3b3b9c3012759c7210e1b22e5d55912c8101cb40,unmasked,72499.19,robinhood,1.5025,1.5025,1.5025,1.5025,1.5025,1.5025,6,"['launchpad_smart', 'smart_degen', 'gmgn']",72499.19,56058.77,8.61,0.0,37.79,43.43,27.27,0.0,451725.85,1956.62,0.0,3358,1650,6,1150,2208,1639,629881.1,6,28,64,0xe465f5fe06e79bdc4e0add8546eca2368d1a0fd0,0x79e6189e495178b3d1f4b50e335f4ab5818eeed2b6ef179db762e209738a88fa,0.4693,240,Multichain_Syndicate,0.85,1.7918,1.0
60,waytoodrill,2,waytoodrill,0xcaecd42e2c19d0ebac5958bed8316107c7001224,unmasked,45580.75,robinhood,2.2279,2.2279,2.2279,2.2279,2.2279,2.2279,6,"['gmgn_go', 'launchpad_smart', 'gmgn']",45580.75,18431.51,8.46,8.46,46.19,55.81,100.0,100.0,67853.07,278.61,278.61,1331,307,2,597,734,486,352526.08,3,9,21,0x56ecefd0f89c6411f30b64c4dce155245c09f513,0xdde54a50f68e77b2b6562791adba95ba23aa31bda5304e23bc8cf4f907d1c0c9,0.6138,32,Multichain_Syndicate,0.85,1.7918,1.0
61,technoviking46,tech,technoviking46,0x683035da6b84ce48421534c1d3d160a8487cb9bb,unmasked,25549.68,robinhood,3.7356,3.7356,3.7356,3.7356,3.7356,3.7356,6,"['kol', 'gmgn_go', 'gmgn']",25549.68,7467.1,5.03,0.0,67.2,62.5,66.67,0.0,32020.86,133.85,0.0,844,209,1,369,475,874,2914647.7,7,17,12,0xca58434a600a9f05de810a3e0229435b07524de8,0x03c67aff46a6f1d767fa42cf8224b7c507b7df7c169cc48869fa82848b4edfc2,0.209,70631,Multichain_Syndicate,0.85,1.7918,1.0
62,Oxxyy13,Oxxyy,Oxxyy13,0x8d7bbfa0506ea95c73d864310818acc3e5fa05d9,unmasked,7026.26,robinhood,0.5603,0.5603,0.5603,0.5603,0.5603,0.5603,0,"['kol', 'fomo']",7026.26,284.33,3.27,0.0,24.52,43.9,30.0,0.0,7135.81,177.56,0.0,713,82,1,233,480,842,4276167.47,1,7,72,0x946d4d60c864921bafeea88a183a0c62929dc09c,0x235ff47a178b02a557eaf91456df1c1df1aca3ed24e0b7ced8b6cbce60dd53e3,0.1712,6373,Robinhood_Whale_Accumulator,0.85,1.7918,1.0
63,stinkypoofart_,passion,stinkypoofart_,0xe465f5fe06e79bdc4e0add8546eca2368d1a0fd0,unmasked,95201.47,robinhood,1.3539,1.3539,1.3539,1.3539,1.3539,1.3539,6,"['gmgn_go', 'launchpad_smart', 'smart_degen', 'gmgn']",95201.47,57212.76,0.43,0.0,46.17,44.99,33.33,0.0,473246.72,1706.33,0.0,3366,1657,6,1160,2206,1662,639471.43,9,24,55,0xb1a8fc0083391a76cfa48b9ec1c7422aa5f71c1c,0xf8994a52bdc68deea40c0d880aa1811236b3b083dce6071ae78a45a37e0074f6,0.3342,62,Multichain_Syndicate,0.85,1.7918,1.0
64,naohu_labs,脑虎 首领,naohu_labs,0x8c041fc873c77eb8b7c1e3a3e622cbdec68ae376,unmasked,0.0,robinhood,0.0,0.0,0.0,0.0,0.0,0.0,0,['kol'],0.0,0.0,0.0,0.0,0.0,0.0,0.0,0.0,0.0,0.0,0.0,0,0,0,0,0,0,0.0,0,0,0,,,,5265,Robinhood_DEX_Scalper,0.85,0.0,1.0
65,sweetman_eth,sweetman,sweetman_eth,0xcfbf34d385ea2d5eb947063b67ea226dcda3dc38,unmasked,0.0,robinhood,0.0,0.0,0.0,0.0,0.0,0.0,0,['kol'],0.0,0.0,0.0,0.0,0.0,0.0,0.0,0.0,0.0,0.0,0.0,0,0,0,0,0,1,533772.0,0,0,0,,,,7489,Robinhood_Whale_Accumulator,0.85,0.0,1.0
66,0x6eb1d5f5,ROBINHOOD_Trader_66,,0x6eb1d5f54b793960b266ae2cbd79885d55e3b857,unmasked,8169.0,robinhood,0.0039,0.0039,0.0039,0.0039,0.0039,0.0039,0,"['launchpad_smart', 'gmgn']",8169.0,1525.68,0.0,0.0,42.45,51.22,0.0,0.0,9895.72,0.0,0.0,393,110,0,188,205,210,870162.0,2,5,11,0x88d25c861938a91af4ad57ad964a8fcc6c6351d3,0xa6f1aeb6a4b3da0b56dacf2c02f4743b1a89faeea8be18a3dd601f591f662135,0.084,1773,Robinhood_Whale_Accumulator,0.85,0.1294,1.0
67,0x67ee81e9,ROBINHOOD_Trader_67,,0x67ee81e92a6e677533b0335fb9be21873d8aca78,unmasked,37710.81,robinhood,0.0018,0.0018,0.0018,0.0018,0.0018,0.0018,0,"['fomo', 'gmgn_go', 'launchpad_smart', 'gmgn']",37710.81,11140.72,0.0,0.0,68.14,63.16,0.0,0.0,93968.23,0.0,0.0,1156,264,0,670,486,263,196059.92,0,1,6,0xfd7ac00fe8e7850ae9a2f347910a1f9cf8ca3dd6,0x8741209d5abdb3790e1aae08c56849786c419733c2ea7bd04c1a3ee637d46d48,0.01,147,Robinhood_Whale_Accumulator,0.85,0.0697,1.0
68,888upupup,888UP,888upupup,0x94cf7ed19901eb7d487c779e6d1baa87157b2d01,unmasked,22790.38,robinhood,6.483,6.483,6.483,6.483,6.483,6.483,6,"['kol', 'smart_degen', 'gmgn_go', 'gmgn']",22790.38,1876.92,0.0,0.0,63.87,84.78,0.0,0.0,14043.27,0.0,0.0,4044,149,0,2569,1475,1526,1588676.64,4,8,6,0x60ed854c1c9749e5a729fc34085b806398293b09,0xae053c8fd95fa55e1af943f10ef69c3ef4d1396e1a4ab67f89dd8788488faab7,2.2176,1536,Multichain_Syndicate,0.85,1.7918,1.0
69,0x5f10d6ac,ROBINHOOD_Trader_69,,0x5f10d6acfddf046a78f15735e6f188ab69140d88,unmasked,20232.11,robinhood,0.0,0.0,0.0,0.0,0.0,0.0,0,"['gmgn', 'launchpad_smart']",20232.11,2646.65,0.0,0.0,70.09,72.97,0.0,0.0,29278.91,0.0,0.0,640,193,0,221,419,143,546389.55,0,4,2,0x62442ce34f8c91a768efe787ceb945cd255125c8,0xb8b931e979f36f2e3128caa2a8892b2d611e0967de368a4a769d2ed1676f7c69,0.15,96,Robinhood_Whale_Accumulator,0.85,0.0001,1.0
70,cobie,Cobie,cobie,0x663b91628674846e8d1cbb779efc8202d86284e2,unmasked,0.0,robinhood,0.0,0.0,0.0,0.0,0.0,0.0,0,['kol'],0.0,0.0,0.0,0.0,0.0,0.0,0.0,0.0,0.0,0.0,0.0,0,0,0,0,0,136,5641337.16,0,0,0,,,,1252553,Robinhood_Whale_Accumulator,0.85,0.0,1.0
71,giocki,giocki,giocki,0x5b0e0d7905e2fbc008ff2836c0a0ffd815c9c9fd,unmasked,6536.57,robinhood,0.001,0.001,0.001,0.001,0.001,0.001,0,"['kol', 'fomo', 'gmgn', 'gmgn_go']",6536.57,117.71,0.0,0.0,35.95,50.0,0.0,0.0,624.44,0.0,0.0,2601,8,0,1701,900,873,1467126.51,0,8,26,0xd84b86d8655ac14076a535c9f9f90dc77892ef8f,0xdffe6a334b219aff6e50cf7b1e0405d44d39d829152954eeaa17cb36b84b3092,0.1177,68537,Robinhood_Whale_Accumulator,0.85,0.0415,1.0
72,feng188666,剑锋 BNB,feng188666,0xf7ff38f74c8a5b4750e5f65ae74c924a441b7b90,unmasked,-307.28,robinhood,0.9117,0.9117,0.9117,0.9117,0.9117,0.9117,0,"['kol', 'gmgn', 'gmgn_go']",-307.28,116.7,0.0,0.0,32.65,50.0,0.0,0.0,906.32,0.0,0.0,171,4,0,57,114,272,4969725.71,0,0,6,,,,13249,Robinhood_Whale_Accumulator,0.85,1.7918,1.0
73,0x8c89f3ef,ROBINHOOD_Trader_73,,0x8c89f3efaac0fb48d14e5b82912fb5e418dd3709,unmasked,144562.99,robinhood,2.486,2.486,2.486,2.486,2.486,2.486,6,"['launchpad_smart', 'gmgn', 'gmgn_go', 'smart_degen']",144562.99,30178.14,0.0,0.0,54.99,46.67,0.0,0.0,236108.95,0.0,0.0,2949,875,0,1002,1947,607,349091.23,5,18,52,0x3807771db053dae9ead980692b6ef85c9c10f0bd,0xc2fa24738ce671434b663b5e3604d34c4d34afc50e3254b34c71be405043709f,0.0143,647,Multichain_Syndicate,0.85,1.7918,1.0
74,0xdd0596f0,ROBINHOOD_Trader_74,,0xdd0596f04cf6a936b22f0592c126b5abd5aa747e,unmasked,10189.36,robinhood,0.0,0.0,0.0,0.0,0.0,0.0,0,"['gmgn_go', 'launchpad_smart', 'gmgn']",10189.36,1039.34,0.0,0.0,59.95,57.69,0.0,0.0,7645.61,0.0,0.0,1510,53,0,520,990,461,485650.28,0,4,1,0x63840222ffd3cac8eb3e88725cf09a9f8d31a28e,0xab03558c29162de3f503c14e67c4df1b8e5cf4840db24bc8e7b176ded22e5f00,0.6963,19,Robinhood_Whale_Accumulator,0.85,0.0001,1.0
75,yztc123,0x杨杨｜tapeout,yztc123,0xa11e739adf417ffe34e1eba75df2031499192b66,unmasked,-4140.54,robinhood,0.0005,0.0005,0.0005,0.0005,0.0005,0.0005,0,"['kol', 'gmgn_go', 'gmgn']",-4140.54,73.17,0.0,0.0,29.13,100.0,0.0,0.0,596.72,0.0,0.0,285,2,0,147,138,270,3934154.67,0,0,26,0xb768671c9fea0439d965fa995d7e30931be16832,0xaaee660dcc35c917e6dd647e3b73e836b5e4c4994e3f1a87af15b5dab9774a98,0.1067,9292,Robinhood_Whale_Accumulator,0.85,0.0233,1.0
76,rxraras,rara,rxraras,0x6baaaf2082816d59c712b7061ec2209f337cecba,unmasked,509308.39,robinhood,0.0,0.0,0.0,0.0,0.0,0.0,0,"['smart_degen', 'launchpad_smart', 'gmgn_go', 'gmgn']",509308.39,15127.66,0.0,0.0,61.69,58.33,0.0,0.0,109559.18,0.0,0.0,6319,137,0,1318,5001,852,311557.15,4,40,38,0x4ef8f9034d649ce1ce4aac329d43e86997ffe08d,0x69e7679fdfac46f9c1d415baa04dd494e5225c169a315d9737ac2aaae020052d,0.0112,290,Robinhood_Whale_Accumulator,0.85,0.0007,1.0
77,0xcb23efc0,ROBINHOOD_Trader_77,,0xcb23efc07b272ea306c5bee25b0b8665e00728d8,unmasked,3823.95,robinhood,0.2029,0.2029,0.2029,0.2029,0.2029,0.2029,0,"['smart_degen', 'launchpad_smart', 'gmgn']",3823.95,327.92,0.0,0.0,37.16,50.0,0.0,0.0,2328.26,0.0,0.0,1341,22,0,767,574,348,1124487.96,0,8,16,0xc9650c9a1da749cdc83b3c802d88227d426d9641,0x853a6932a226dc5787673cfcc91db67799f287439c6fe744c9b80c29e8c43a1f,0.25,76,Robinhood_Whale_Accumulator,0.85,1.7918,1.0
78,RajBunty_007,Raj,RajBunty_007,0xddfa323ea6e88757da00758bb68911fa3c3edf23,unmasked,0.0,robinhood,0.0,0.0,0.0,0.0,0.0,0.0,0,"['kol', 'gmgn_go']",0.0,0.0,0.0,0.0,0.0,0.0,0.0,0.0,0.0,0.0,0.0,0,0,0,0,0,0,0.0,0,0,0,,,,8782,Robinhood_DEX_Scalper,0.85,0.0,1.0
79,tianyi88888888,天意,tianyi88888888,0x2948ebe47277da144a86f43f2b48981c8ff72a3e,unmasked,90.64,robinhood,0.5921,0.5921,0.5921,0.5921,0.5921,0.5921,0,"['kol', 'fomo', 'gmgn', 'gmgn_go']",90.64,89.15,0.0,0.0,50.0,66.67,0.0,0.0,736.96,0.0,0.0,21,9,0,9,12,123,2964983.75,0,0,1,,,,4811,Robinhood_Whale_Accumulator,0.85,1.7918,1.0
80,0xAA_Science,0xAA,0xAA_Science,0x3317ad9eda6942b5a7be5ba83346c0ea82c3c26c,unmasked,0.0,robinhood,0.0,0.0,0.0,0.0,0.0,0.0,0,['kol'],0.0,0.0,0.0,0.0,0.0,0.0,0.0,0.0,0.0,0.0,0.0,0,0,0,0,0,107,6061312.53,0,0,0,,,,181973,Robinhood_Whale_Accumulator,0.85,0.0,1.0
81,0x4755f5d0,ROBINHOOD_Trader_81,,0x4755f5d0175b51449b8e6076f874d0e1adf7e8b1,unmasked,-8003.1,robinhood,0.0006,0.0006,0.0006,0.0006,0.0006,0.0006,0,"['smart_degen', 'gmgn']",-8003.1,72.65,0.0,0.0,23.08,100.0,0.0,0.0,605.28,0.0,0.0,129,5,0,67,62,219,5004672.62,0,0,4,,,,44,Robinhood_Whale_Accumulator,0.85,0.0263,1.0
82,shibaxiaogege,十八哥哥BNB,shibaxiaogege,0xa906e7b6c916af437fb81ca312390e9850c3e27a,unmasked,15864.93,robinhood,1.1387,1.1387,1.1387,1.1387,1.1387,1.1387,6,"['kol', 'fomo']",15864.93,2962.09,0.0,0.0,33.33,33.33,0.0,0.0,12243.94,0.0,0.0,60,10,0,28,32,93,1413101.45,0,0,1,0x1da7f7b6069cdbfe53f96db760275836e43b66de,0x54393f87f35ec5afd95f29270dd84ba4ce3417947d2618a7c21734fed7058166,2.0,6385,Multichain_Syndicate,0.85,1.7918,1.0
83,zhupi_eth,麻瓜猪皮怪,zhupi_eth,0x3a8f9f86b0a23185853d70472b0068220d9b44db,unmasked,2310.55,robinhood,0.0,0.0,0.0,0.0,0.0,0.0,0,"['kol', 'gmgn', 'gmgn_go']",2310.55,3772.61,0.0,0.0,43.27,60.53,0.0,0.0,23503.28,0.0,0.0,333,156,0,141,192,131,775511.19,0,2,10,0x3009dff183deba280c248c5b6813e12e4e920df9,0x164de236221b5de0f27c7e63fea2722ed191485cb5db4e458f05544aaef90fa8,0.0006,20415,Robinhood_Whale_Accumulator,0.85,0.0028,1.0
84,00xhwin,Han,00xhwin,0x7852346c77b3a622fa73607ee35cc784e53f326b,unmasked,8325.37,robinhood,0.0004,0.0004,0.0004,0.0004,0.0004,0.0004,0,"['kol', 'gmgn_go', 'gmgn']",8325.37,1097.41,0.0,0.0,36.02,53.85,0.0,0.0,9098.49,0.0,0.0,1342,17,0,538,804,847,2578752.99,1,12,48,0x0cfba30f815e6209bb60480236dad04e00e5c7c9,0x866d63ea68db27e67265ff66b3375fe8417b128ec92a911eb4a2ac98084f5c70,1.0,2581,Robinhood_Whale_Accumulator,0.85,0.0175,1.0
85,ignHail,ignHail,ignHail,0x07e8db253624b1cafaf576c54e84ceea2c50fa4a,unmasked,283.0,robinhood,0.3949,0.3949,0.3949,0.3949,0.3949,0.3949,0,"['kol', 'gmgn']",283.0,301.48,0.0,0.0,75.0,100.0,0.0,0.0,2608.41,0.0,0.0,11,6,0,6,5,43,5655783.65,0,0,0,0x906f5021412f2e96cccc3563e87ed8ce064e73e6,0x9a78c0cc72711c81a251a9f7de99af1b7813e788e28c9627fa5632ec6dfa4e42,0.7924,2970,Robinhood_Whale_Accumulator,0.85,1.7918,1.0
86,snackyfn,Snacky,snackyfn,0xf10ba5ab6d29818d387b5af3faf8e10502754988,unmasked,20141.55,robinhood,0.0005,0.0005,0.0005,0.0005,0.0005,0.0005,0,"['kol', 'gmgn']",20141.55,14481.55,0.0,0.0,29.71,33.33,0.0,0.0,117029.86,0.0,0.0,1400,483,0,711,689,633,3422159.83,0,6,17,0xab4d27fe90dc4dd438bcd2590fee7d489c0d8c6e,0x58fe706d5547ab25fdaea661ff386bdfd6d434acb4f2a7ec99583f748d767e11,0.1,5084,Robinhood_Whale_Accumulator,0.85,0.0235,1.0
87,Crypto4bailout,C4B Freedom,Crypto4bailout,0xb15913e760de47ec2c8484505e4c745ebedc9934,unmasked,0.0,robinhood,0.0,0.0,0.0,0.0,0.0,0.0,0,['kol'],0.0,0.0,0.0,0.0,0.0,0.0,0.0,0.0,0.0,0.0,0.0,0,0,0,0,0,136,6173301.37,0,0,0,,,,134091,Robinhood_Whale_Accumulator,0.85,0.0,1.0
88,0xweiqigaoshou,我是围棋高手（耐心/alpha）,0xweiqigaoshou,0xe16da211c7d873765592e5e452649097461f6ab5,unmasked,743.36,robinhood,0.5784,0.5784,0.5784,0.5784,0.5784,0.5784,0,"['kol', 'gmgn_go', 'gmgn']",743.36,743.36,0.0,0.0,14.29,14.29,0.0,0.0,4205.23,0.0,0.0,20,20,0,14,6,24,795602.96,0,1,1,0x6ae55e7a5ccd6d238685727330058debd4bb8475,0xcb9afc6bf25234273424bf78a58496c6f1384cc8b8401dea828d1de39b251c5d,0.5,24021,Robinhood_Whale_Accumulator,0.85,1.7918,1.0
89,Tetranode,TΞtranodΞ ,Tetranode,0x69c509e9765c49cc6b9b4568b90aa47b89f4992f,unmasked,0.0,robinhood,0.0,0.0,0.0,0.0,0.0,0.0,0,['kol'],0.0,0.0,0.0,0.0,0.0,0.0,0.0,0.0,0.0,0.0,0.0,0,0,0,0,0,4,6365449.25,0,0,0,,,,172653,Robinhood_Whale_Accumulator,0.85,0.0,1.0
90,milesjnixon,linhui,milesjnixon,0x2f47ca870e6febbd7cd9b7fdbe1d76467709a085,unmasked,594.97,robinhood,0.8665,0.8665,0.8665,0.8665,0.8665,0.8665,0,"['kol', 'gmgn', 'gmgn_go']",594.97,126.81,0.0,0.0,45.14,66.67,0.0,0.0,1104.14,0.0,0.0,748,34,0,465,283,392,1862316.09,0,2,12,,,,1081,Robinhood_Whale_Accumulator,0.85,1.7918,1.0
91,roger73005305,比特进,roger73005305,0x4c10ad2e6b0e7bc7e76fbdaaf768eca1838dcd8d,unmasked,0.0,robinhood,0.0,0.0,0.0,0.0,0.0,0.0,0,['kol'],0.0,0.0,0.0,0.0,0.0,0.0,0.0,0.0,0.0,0.0,0.0,0,0,0,0,0,136,5641339.16,0,0,0,,,,69266,Robinhood_Whale_Accumulator,0.85,0.0,1.0
92,IglooMediaBase,T.O.,IglooMediaBase,0xee6629d668fd86d1d3533c49d1a4ddfe6b8dbb45,unmasked,0.0,robinhood,0.0,0.0,0.0,0.0,0.0,0.0,0,['kol'],0.0,0.0,0.0,0.0,0.0,0.0,0.0,0.0,0.0,0.0,0.0,0,0,0,0,0,109,6168393.16,0,0,0,,,,5029,Robinhood_Whale_Accumulator,0.85,0.0,1.0
93,Aomake70,A,Aomake70,0xca1a2fb7f3179d887504966b25d1606978adcd42,unmasked,228906.07,robinhood,0.0,0.0,0.0,0.0,0.0,0.0,0,"['kol', 'fomo', 'gmgn_go', 'gmgn']",228906.07,11339.31,0.0,0.0,52.79,62.29,0.0,0.0,71340.81,0.0,0.0,8783,386,0,4195,4588,2000,1062593.97,7,36,72,0xa64c6369c0d4c61aeee1f8997bcfb4022f2c614b,0xcb55240f44974387f321d8ad09787901eac666e03cad323939f3a78511c283b6,0.5,5664,Robinhood_Whale_Accumulator,0.85,0.0013,1.0
94,PolskaCebula,虾哥,PolskaCebula,0xaf82a3e8cd907687f717eb93c76865ae94e091f9,unmasked,2124.48,robinhood,0.0057,0.0057,0.0057,0.0057,0.0057,0.0057,0,"['kol', 'gmgn_go', 'gmgn']",2124.48,2124.48,0.0,0.0,50.0,50.0,0.0,0.0,9729.98,0.0,0.0,35,20,0,26,9,88,4609392.89,0,0,0,0x53091256ebd2d8aa37b45536a5fd864ca764f32f,0xb599d0c1855f9bdafffd3314661dfbee16b711d0c86b51cab7658997fe22c6b4,2.6358,44524,Robinhood_Whale_Accumulator,0.85,0.1755,1.0
95,0xefea7681,ROBINHOOD_Trader_95,,0xefea76816fa19ebc79789aad62ba8dc6e33b9e0a,unmasked,20307.95,robinhood,0.0002,0.0002,0.0002,0.0002,0.0002,0.0002,0,"['gmgn', 'launchpad_smart']",20307.95,13689.59,0.0,0.0,59.52,59.52,0.0,0.0,121270.21,0.0,0.0,829,599,0,369,460,333,269164.59,2,6,5,0x7b9761145ef55f33dfcd514f1e20f5313da978af,0x8e0bbd86f1dfafa80a392f578d904d09bb3e7e7dc2011e3e868dd00251448f17,1.0,57,Robinhood_Whale_Accumulator,0.85,0.0102,1.0
96,0xe678389d,ROBINHOOD_Trader_96,,0xe678389dc1859ddecdaa94809a32c99e125bb594,unmasked,8428.4,robinhood,0.0002,0.0002,0.0002,0.0002,0.0002,0.0002,0,"['smart_degen', 'launchpad_smart', 'gmgn']",8428.4,1758.93,0.0,0.0,49.31,33.33,0.0,0.0,8255.54,0.0,0.0,3015,39,0,1264,1751,764,238487.07,0,4,16,0x3bb736ca3271eb3ff75318f8f5585a8c86b4b5cc,0x5717532c739af3b27511dde91f37a6f6e0f50352ab79528086778e9024bdfbfd,0.0335,16,Robinhood_Whale_Accumulator,0.85,0.0102,1.0
97,0xe055ea57,ROBINHOOD_Trader_97,,0xe055ea577de3999bd726d1fa14d6ac1568afea1f,unmasked,50437.88,robinhood,1.2726,1.2726,1.2726,1.2726,1.2726,1.2726,6,"['launchpad_smart', 'gmgn']",50437.88,713.63,0.0,0.0,41.87,32.0,0.0,0.0,5762.91,0.0,0.0,4961,62,0,2048,2913,1884,234126.62,26,54,162,0x9e22debbc41fd88b6aab8e87deaad5ef4c7e76f1,0x62bf45ca563281db74f43d8a272e394bf418724ec3b66cb2a7a563e4a2dad023,0.0002,88,Multichain_Syndicate,0.85,1.7918,1.0
98,0x160d6dfe,ROBINHOOD_Trader_98,,0x160d6dfe7434e8c928a013feded40633f2242211,unmasked,-35.44,robinhood,0.0005,0.0005,0.0005,0.0005,0.0005,0.0005,0,"['smart_degen', 'gmgn']",-35.44,60.35,0.0,0.0,23.68,100.0,100.0,0.0,592.67,0.0,0.0,126,5,0,67,59,250,4993770.0,0,0,3,,,,40,Robinhood_Whale_Accumulator,0.85,0.0229,1.0
99,boredboomer_eth,ＢＯＯＭ Ξ Ｒ,boredboomer_eth,0xb7f7f6c52f2e2fdb1963eab30438024864c313f6,unmasked,0.0,robinhood,0.0,0.0,0.0,0.0,0.0,0.0,0,['kol'],0.0,0.0,0.0,0.0,0.0,0.0,0.0,0.0,0.0,0.0,0.0,0,0,0,0,0,105,5681425.6,0,0,0,,,,15732,Robinhood_Whale_Accumulator,0.85,0.0,1.0
100,0xa14a3eb8,ROBINHOOD_Trader_100,,0xa14a3eb89c0ffc8cecdf5b47a48d00e30419ce66,unmasked,40384.8,robinhood,1.2733,1.2733,1.2733,1.2733,1.2733,1.2733,6,"['gmgn_go', 'launchpad_smart', 'gmgn']",40384.8,7502.83,0.0,0.0,54.41,68.18,0.0,0.0,76504.22,737.29,0.0,526,213,5,409,117,359,3108504.8,0,7,6,0x9b4a1a75e44f9a8b223ea4f921dadf86ab01d42e,0x5a59e5494a8d73c6041526f4ad869a8d37e16e2dd6c9dfad3ee4480d1a1c037a,0.2,164,Multichain_Syndicate,0.85,1.7918,1.0
