handle,rank,wallet_address,log_realized_profit,winrate_all_pct,winrate_30d_pct,winrate_7d_pct,trades_count_all,tokens_traded_all,avg_holding_period_sec,runner_5x_ratio,heavy_loss_ratio,followers_x,hhi_concentration,chain_entropy,network_co_holding_score,archetype
frankdegods,1,498g1rVnFcnjBjpfw1xyqA1WvgQXUU8RWuELjxkjAayQ,6.1665,38.12,38.18,39.62,7387,2074,2267995.63,0.0039,0.0251,536299,0.25,1.7918,1.0,Multichain_Syndicate
notdecu,2,4vw54BmAogeRV3vPKWyFet5yf8DTLcREzdSzx4rw9Ud9,6.428,61.6,63.01,66.48,200356,3445,115073.06,0.0009,0.0136,96888,0.25,1.7918,3.67,Multichain_Syndicate
CookerFlips,3,8deJ9xeUvXSJwicYptA9mHsU2rN2pDx37KWzkDkEXhU6,6.9942,71.0,71.31,74.26,106059,2140,255688.32,0.0014,0.0229,142141,0.85,1.7918,1.0,Multichain_Syndicate
theonomix,4,Bi4rd5FH5bYEN8scZ7wevxNZyNmKHdaBcvewdPFxYdLt,6.5476,54.31,54.53,55.24,223516,2150,249279.86,0.0,0.0065,13881,0.85,1.7918,4.5,Multichain_Syndicate
trunoest,5,ardinRsN1mNYVeoJWTBsWeYeXvuR9UUDGMsCDKpb6AT,5.9766,56.1,57.05,60.0,96094,3282,156375.6,0.0037,0.0046,19412,0.25,1.7918,3.33,Multichain_Syndicate
Limfork,6,BQVz7fQ1WsQmSTMY3umdPEPPTm1sdcBcX9sP7o6kPRmB,5.9172,42.93,43.26,42.43,125586,2127,280398.65,0.0005,0.0127,20229,0.85,1.7918,1.5,Multichain_Syndicate
CKcWAvvDYr,7,CKcWAvvDYr2H3Wj3ACr5zRynrYRSzir2zE5bTf8wiUmT,5.1428,40.82,40.04,41.47,42122,2580,23416.15,0.0016,0.0415,335,0.85,1.7918,1.0,Multichain_Syndicate
0GAntD,8,215nhcAHjQQGgwpQSJQ7zR26etbjjtVdW74NLzwEgQjP,6.3161,29.37,29.82,55.88,38952,2104,764337.85,0.0033,0.0295,36263,0.25,1.7918,1.5,Multichain_Syndicate
TobxG,9,HmBmSYwYEgEZuBUYuDs9xofyqBAkw4ywugB1d7R7sTGh,6.2255,33.71,33.25,36.06,75655,2718,550405.5,0.0022,0.0453,23763,0.25,1.7918,1.0,Multichain_Syndicate
3g4D4n67vU,10,3g4D4n67vUFSDUwW8NWvzkQSUqD4J5H8zW1sbKJrrczi,4.7686,53.85,50.0,71.43,380,259,3089019.31,0.0232,0.0077,620,0.25,1.7918,1.25,Solana_Whale_Accumulator
AlxCooks_off,11,89HbgWduLwoxcofWpmn1EiF9wEdpgkNDEyPjzZ72mkDi,5.4903,29.58,29.65,28.25,63162,2173,623653.79,0.0005,0.0161,6286,0.85,1.7918,1.5,Multichain_Syndicate
imsheepsol,12,78N177fzNJpp8pG49xDv1efYcTMSzo9tPTKEA9mAVkh2,5.9223,56.94,56.82,54.46,63689,2120,440558.77,0.0,0.0175,15809,0.85,1.7918,4.0,Multichain_Syndicate
nyhrox,13,6S8GezkxYUfZy9JPtYnanbcZTMB87Wjt1qx3c6ELajKC,6.2591,13.94,13.98,17.29,67273,2103,640112.65,0.0014,0.2392,308671,0.25,1.7918,1.5,Multichain_Syndicate
Cupseyy,14,2fg5QD1eD7rzNNCsvnhmXFm5hqNgwTTG8p7kQ6f3rx6f,6.7132,39.84,39.69,39.67,409602,4000,115558.57,0.0013,0.0622,231158,0.85,1.7918,2.0,Multichain_Syndicate
TheRealZrool,15,99i9uVA7Q56bY22ajKKUfTZTgTeP5yCtVGsrG9J4pDYQ,6.2923,27.97,27.41,31.61,144543,2415,352423.51,0.0017,0.0729,30212,0.85,1.7918,1.0,Multichain_Syndicate
F9zT1F46HA,16,F9zT1F46HAoPanR4NC1Yw7TyP8Z9tCavTe48mrzK7aN4,5.6832,40.48,39.79,38.43,37522,3400,378877.83,0.0021,0.0388,1693,0.85,1.7918,2.0,Multichain_Syndicate
2kW5wLFQw1,17,2kW5wLFQw1wLuepZTJux1DZsTJSbNi2PGQ1E6hC7xeY8,5.3529,52.23,52.49,55.81,9384,2104,1010362.75,0.0038,0.0442,2252,0.85,1.7918,1.5,Multichain_Syndicate
Tahifn,18,5x8tfrJSn4Pt5gjQEMWDnoLvAzZ8rgJVTXiTpcwhbxmN,5.844,38.31,35.48,50.0,10003,2014,135668.67,0.0084,0.0869,57474,0.25,1.7918,1.67,Solana_Whale_Accumulator
radiancebrr,19,FAicXNV5FVqtfbpn4Zccs71XcfGeyxBSGbqLDyDJZjke,6.1944,37.89,36.56,34.65,69168,3420,318168.41,0.0044,0.0339,11921,0.85,1.7918,2.0,Multichain_Syndicate
H2KMZofxpU,20,H2KMZofxpUdcvg6uyFi4so4xx6cD8WeGbb3w1gkCNt2v,4.3121,46.41,57.14,100.0,1137,241,29476.91,0.0083,0.1369,114,0.25,1.7918,1.0,Multichain_Syndicate
Cupseyy,21,suqh5sHtr8HyJ7q8scBimULPkPpA557prMG47xCHQfK,7.4949,39.92,39.87,40.24,564272,4000,1157634.65,0.004,0.0638,231158,0.85,1.7918,2.0,Multichain_Syndicate
pr6spr,22,sAdNbe1cKNMDqDsa4npB3TfL62T14uAo2MsUQfLvzLT,5.8107,33.51,34.44,47.37,44621,2079,1035687.4,0.0005,0.0139,32196,0.25,1.7918,1.0,Multichain_Syndicate
daumenxyz,23,8MaVa9kdt3NW4Q5HyNAm1X5LbR8PQRVDc1W8NMVK88D5,6.1391,43.22,42.94,54.76,70585,2299,1425274.57,0.0026,0.1292,132350,0.25,1.7918,2.2,Multichain_Syndicate
CryptoRilsio,24,4fZFcK8ms3bFMpo1ACzEUz8bH741fQW4zhAMGd5yZMHu,5.4612,49.25,49.39,41.3,14737,2027,744156.97,0.0,0.002,11952,0.85,1.7918,1.5,Multichain_Syndicate
0xLake,25,67Nwfi9hgwqhxGoovT2JGLU67uxfomLwQAWncjXXzU6U,5.331,29.42,30.53,33.56,65896,2671,996559.16,0.003,0.0382,7355,0.25,1.7918,1.0,Multichain_Syndicate
J56M2D9Bei,26,J56M2D9BeigqKVTNGSegVho8s8d9XtFueFDurN5z9Fxf,4.955,26.45,23.69,34.83,1331,489,510407.51,0.0204,0.3988,933,0.25,1.7918,2.0,Multichain_Syndicate
itsthurstxn,27,ALauG4FwEYDgSXd5Hen6kvuWSCdUi2fYNSNqM1Ci31wE,3.7508,19.73,19.73,19.5,3467,2126,618622.68,0.0014,0.0212,3470,0.85,1.7918,1.0,Multichain_Syndicate
jijo_exe,28,4BdKaxN8G6ka4GYtQQWk4G4dZRUTX2vQH9GcXdBREFUk,6.6812,57.89,57.99,53.23,80441,2121,769737.56,0.0009,0.0066,31853,0.85,1.7918,1.0,Multichain_Syndicate
wukong_bl,29,AcKpsk3AKJR8YiTrHr2XCFZ2WV8gcM3zjgcr4P1MjHD1,5.6503,27.11,28.13,34.45,38105,2109,605823.59,0.0128,0.1252,247,0.25,1.7918,1.25,Multichain_Syndicate
meechie,30,9iaawVBEsFG35PSwd4PahwT8fYNQe9XYuRdWm872dUqY,5.7249,17.07,16.84,15.26,25068,2411,73820.7,0.0021,0.4674,100593,0.25,1.7918,2.4,Multichain_Syndicate
FK5z4HVnGC,31,FK5z4HVnGCLbMNATcAVm81551Ng6NZU6uRFezzMKdF3k,5.5231,43.78,39.86,34.18,27584,2411,72664.36,0.01,0.0643,1198,0.85,1.7918,1.0,Multichain_Syndicate
000xy_0,32,FVZRwUp6E4m9jV4VumF8q7m8q3mF9fpikRrJSCCfFAdP,4.9668,51.26,80.95,100.0,9750,2024,13720.07,0.0005,0.0459,1137,0.85,1.7918,1.0,Multichain_Syndicate
ohzarke,33,DZAa55HwXgv5hStwaTEJGXZz1DhHejvpb7Yr762urXam,6.2435,34.45,34.4,33.52,92840,2455,627311.66,0.0,0.022,21889,0.85,1.7918,1.0,Multichain_Syndicate
CWryqL8F79,34,CWryqL8F79bCUPfRMnFHxXpJEyW5TixWe59hEuFXWYnD,5.388,32.13,31.01,30.84,54926,2988,314640.57,0.0037,0.0405,719,0.85,1.7918,1.0,Multichain_Syndicate
Go9BEhJGCp,35,Go9BEhJGCpbXFzky6SWcofqQyuiKrtE1m9Knx1aiZCc8,4.6861,44.77,44.5,43.03,42482,2759,3642.91,0.0007,0.0127,129,0.85,1.7918,1.0,Multichain_Syndicate
5zV5iXB54R,36,5zV5iXB54RmCoVV5B5MfmiD14NhbxRXRgtsEBcw4yn1y,4.7686,36.1,32.91,34.95,10397,2260,4306.96,0.0093,0.0566,163,0.85,1.7918,1.0,Multichain_Syndicate
LeckSol,37,98T65wcMEjoNLDTJszBHGZEX75QRe8QaANXokv4yw3Mp,5.061,30.15,29.96,29.37,79594,2245,472557.47,0.0013,0.0343,21765,0.85,1.7918,1.0,Multichain_Syndicate
5QXMkhu3yc,38,5QXMkhu3ycDtwsbkpE7xfVYtUiJxFBg8BU16KzbCkvkx,4.3754,38.16,31.93,35.04,13488,2255,9693.3,0.0,0.0058,115,0.85,1.7918,1.0,Multichain_Syndicate
Latuche95,39,GJA1HEbxGnqBhBifH9uQauzXSB53to5rhDrzmKxhSU65,6.4158,42.86,44.36,42.01,75367,2150,464119.49,0.0019,0.0126,33898,0.85,1.7918,1.0,Multichain_Syndicate
4k92XBen2o,40,4k92XBen2ofaTYi5ntXX9TVjMPgFaaZRK5K8UmtLKqez,5.6182,42.3,39.96,35.46,43990,3171,341710.85,0.0142,0.0669,2600,0.85,1.7918,1.0,Multichain_Syndicate
baolingD,41,GvVrJwDVTaKZkcvVVDB9RdoBv9zErKqqvps1wpFGyoK9,3.8373,32.11,32.11,28.21,872,236,10778.51,0.0,0.0847,18795,0.85,1.7918,1.0,Multichain_Syndicate
3wERCwv3th,42,3wERCwv3tht8ZtQurP2or8KGon6Q8nWXcBKxAuXcBS9G,4.7161,60.84,56.61,56.5,14260,2323,112998.01,0.0,0.0112,194,0.85,1.7918,1.0,Multichain_Syndicate
9f5ywdCDA4,43,9f5ywdCDA4QhSktBomozpHmZfSLqS6J9VqCrRehYWh1p,4.9058,17.2,16.93,36.54,93788,2324,89953.78,0.0,0.3911,1929,0.85,1.7918,1.0,Multichain_Syndicate
HZGy7Kwh5U,44,HZGy7Kwh5UvhnPjCSmkB4e8G6t8ZeREsWTFhhK7as39B,5.4485,58.04,58.52,57.39,51079,2021,31866.64,0.0,0.0064,682,0.85,1.7918,1.0,Multichain_Syndicate
GPLmVnDTjo,45,GPLmVnDTjo4f6zsKQLzuzvqRouCNrnA6LPJyGw1iL8aW,4.8561,28.65,29.49,31.96,40313,2790,54054.81,0.0032,0.0638,308,0.85,1.7918,1.0,Multichain_Syndicate
8JnYKzhqwR,46,8JnYKzhqwRJYdCFuurioBWyXq7J5JLBA6mbdLZZo7tuQ,5.0437,29.44,29.44,31.59,45074,2687,45091.79,0.006,0.1232,602,0.85,1.7918,1.0,Multichain_Syndicate
untaxxable,47,2T5NgDDidkvhJQg8AHDi74uCFwgp25pYFMRZXBaCUNBH,5.5515,43.76,44.14,45.34,24897,2140,551515.6,0.0014,0.007,33503,0.85,1.7918,1.0,Multichain_Syndicate
VeloceSVJ,48,2W14ahXD3XBfWJchQ4K5NLXmguWWcTTUTuHDhEzeuvP3,5.1665,37.07,37.35,31.25,25819,2059,872365.99,0.0005,0.0107,7719,0.85,1.7918,1.0,Multichain_Syndicate
KayTheDoc,49,DYAn4XpAkN5mhiXkRB7dGq4Jadnx6XYgu8L5b3WGhbrt,6.1341,37.15,37.36,38.19,45680,2203,766946.0,0.0014,0.0259,38715,0.85,1.7918,1.0,Multichain_Syndicate
fihonx,50,AE4MPGvpMeCA7MwUakAxAQZTzcijPAXcFsoAQmtLrL4V,4.9107,61.05,60.25,59.56,8571,2033,385493.97,0.002,0.0098,4077,0.85,1.7918,1.0,Multichain_Syndicate
AreSXNRAsn,51,AreSXNRAsnwrKaQvg2H5trpQNqfprRPT62Y5EDU5h7xf,5.0399,46.13,42.6,40.84,8448,2406,6773.14,0.0,0.0129,209,0.85,1.7918,1.0,Multichain_Syndicate
waffloki,52,4jCZyZar7EzWACSrh1c589th8hNTD6vZmqdr5m5JdGnj,0.0,40.36,27.27,42.11,6495,2065,2783297.38,0.0048,0.2358,5836,0.85,0.5638,1.0,Solana_Whale_Accumulator
ashtoshii,53,8MoW9mtbEz6z3gPuAdYb1yWhjCAxQSYqpcTb1CQgN5qb,5.3385,38.59,37.26,36.23,10891,2094,574549.06,0.0019,0.0482,33853,0.85,1.7918,1.0,Multichain_Syndicate
trenchguerilla,54,9St6ETbe3CFitw6UNSd8kg7kZ6STXy71wEGiERqQj89U,4.6647,22.64,22.92,29.35,15432,2059,25821.61,0.0005,0.0311,4747,0.85,1.7918,1.0,Solana_DEX_Scalper
Unipioneer,55,Gf9XgdmvNHt8fUTFsWAccNbKeyDXsgJyZN8iFJKg5Pbd,6.1392,57.89,44.94,45.45,9347,2054,13883379.05,0.0161,0.0589,53493,0.85,1.7918,1.0,Multichain_Syndicate
4XMPyWFsYd,56,4XMPyWFsYdNcCN4FG8geyytyTeUNacn4QundBzMqbGGT,6.0289,48.15,44.24,61.54,72546,2102,43954.88,0.0024,0.0557,16250,0.85,1.7918,1.0,Solana_Mega_Whale
thejester,57,4s2WzRLa35FB58bZY1i4CN3WoywJeuYrGYHnTKFsT23z,5.3642,40.0,47.76,52.63,11591,2089,943939.11,0.0005,0.0024,11713,0.85,1.7918,1.0,Solana_Whale_Accumulator
AyVr86YXLg,58,AyVr86YXLg5ZC2JgLjPQYWvxjr74sC7CBGMznoStNzao,4.4639,37.95,38.09,37.84,16640,2461,8955.99,0.0045,0.0325,76,0.85,1.7918,1.0,Multichain_Syndicate
solvenant,59,2THw1KnYQLCm9HqWx4j9nXSXsyC57VboGz9ft2zCYCHH,4.7894,64.85,41.67,38.89,5240,1390,1326981.37,0.0014,0.0453,10577,0.85,1.7918,1.0,Multichain_Syndicate
pTbCAyYsxK,60,pTbCAyYsxKWf88fy13w8vZ2R9rChKtuJZa4pSLrxfGz,4.5598,41.84,36.73,44.83,15235,2334,31736.23,0.0013,0.0386,153,0.85,1.7918,1.0,Multichain_Syndicate
A8yiUQzGEL,61,A8yiUQzGELdiG481AbZoyCGG9QvRPaEmYbnkAmb7Fpc7,0.0,35.91,34.15,36.64,14471,2361,4511.48,0.003,0.1614,71,0.85,0.1748,1.0,Solana_DEX_Scalper
BagCalls,62,4AHgEkTsGqY77qtde4UJn9yZCrbGcM7UM3vjT3qM4G5H,0.0,29.56,28.85,46.67,3333,2039,1075894.8,0.0005,0.0074,87645,0.85,1.7918,1.0,Multichain_Syndicate
ENnyxqJAWw,63,ENnyxqJAWwKeXkWxAeNfM2K8dS8GBcoNmwiM3EcWQT2u,4.4095,45.37,32.12,30.91,6832,1993,103523.39,0.003,0.0617,74,0.85,1.7918,1.0,Multichain_Syndicate
2tVnqzRozP,64,2tVnqzRozPkkB8ar6UwaKK48nm1MNK616QN33ooA1i8A,4.8497,44.22,40.25,37.33,8708,1690,22963.82,0.0059,0.1041,230,0.85,1.7918,1.0,Multichain_Syndicate
7tkPWE2cZ3,65,7tkPWE2cZ3uQncuiF9DzpAdR7YLSG2Q14M8cjZMCaAqr,4.7034,45.96,42.71,40.19,5479,1641,17536.32,0.0122,0.0201,316,0.85,1.7918,1.0,Multichain_Syndicate
luckedhub,66,EQaxqKT3N981QBmdSUGNzAGK5S26zUwAdRHhBCgn87zD,5.7376,36.16,36.72,38.73,126751,3197,341004.42,0.0019,0.0188,15701,0.85,1.7918,1.0,Multichain_Syndicate
Hdf53xBDus,67,Hdf53xBDushQ1tddXwnWudssTTVfv4vTiwMHfUWSmcv1,3.4442,42.61,52.38,57.63,1726,479,32548.16,0.0021,0.0543,26,0.85,1.7918,1.0,Multichain_Syndicate
qtdegen,68,7tiRXPM4wwBMRMYzmywRAE6jveS3gDbNyxgRrEoU6RLA,5.4438,36.15,36.22,32.57,51475,2285,1571108.07,0.0,0.0166,51639,0.85,1.7918,1.0,Multichain_Syndicate
CFkdHRybyz,69,CFkdHRybyzwFffHcjMAkzZmWBtxV5PjwofDNWge8tjG3,4.6969,46.94,41.76,33.33,5456,1643,16534.92,0.0116,0.0183,301,0.85,1.7918,1.0,Multichain_Syndicate
572gijC9dn,70,572gijC9dnNiSFgeSDaLMEmPzyZH9MqT7SCVMwKkeTqF,5.5063,31.0,26.61,25.1,171315,2294,139228.41,0.0022,0.0209,1574,0.85,1.7918,1.0,Multichain_Syndicate
H8cbcJgrMR,71,H8cbcJgrMRGU6jujEfDcprDxtReunzpXfnKbhdbFZ3HU,5.3837,31.05,27.15,30.58,144421,2297,71803.56,0.0026,0.0196,1293,0.85,1.7918,1.0,Multichain_Syndicate
spunosounds,72,GfXQesPe3Zuwg8JhAt6Cg8euJDTVx751enp9EQQmhzPH,6.0077,30.87,31.89,25.15,41563,2136,759705.47,0.0009,0.0276,50128,0.85,1.7918,1.0,Multichain_Syndicate
solanashaka,73,4S8YBCt6hhi7Nr1NnKF6jF856LLN8JJFzD1a8nF5UuHA,4.5844,23.27,23.42,27.38,15190,2198,1463490.56,0.0,0.0082,12764,0.85,0.6542,1.0,Solana_Whale_Accumulator
AvgJoesCrypto,74,H2QSGECp13sFLJgdTsDtayX3dk18Dm6sQMSQKcew7Xzk,4.1087,45.65,50.0,50.0,285,762,1970924.88,0.0,0.0079,32615,0.85,0.4397,1.0,Solana_Whale_Accumulator
ImmortalXelf,75,9W69DaLY58ZmLDBuqxVPKRhEWBPD61QQgQ4qH8m6qAJD,4.0249,44.9,47.69,38.24,1142,890,2420316.43,0.0,0.0169,27438,0.85,1.7918,1.0,Multichain_Syndicate
solvenant,76,SoLoR8292gki11FuFVCYUV5XkVi3dMr9kUJD5YGbui9,0.0,46.33,41.67,35.56,2815,686,111980.49,0.0073,0.102,10577,0.85,0.0,1.0,Solana_Whale_Accumulator
Ga__ke,77,DNfuF1L62WWyW3pNakVkyGGFzVVhj4Yr52jSmdTyeBHm,7.2562,51.52,76.92,75.0,28925,2045,858393.71,0.0005,0.0005,188061,0.85,1.7918,1.0,Multichain_Syndicate
8fMq3Kz6Cn,78,8fMq3Kz6CnayEJaZ7SfFnX1KPCpNjCSdoa8F2kMzewjd,3.7828,30.8,26.99,26.38,28676,2636,4354.5,0.0023,0.1309,54,0.85,0.3741,1.0,Solana_DEX_Scalper
s1mple_s1mple,79,AeLaMjzxErZt4drbWVWvcxpVyo8p94xu5vrg41eZPFe3,6.3191,39.84,40.0,40.15,166067,2074,464688.93,0.0,0.0029,11282,0.85,1.7918,1.0,Multichain_Syndicate
solvenant,80,Q9j4YKVjRu5HhV5aEZuKeCmQFsytEhZgTsGAchQXSVM,4.5273,52.2,45.24,43.33,1183,219,400095.02,0.0,0.0639,10577,0.85,1.7918,1.0,Multichain_Syndicate
abiiii0203,81,5D6UYcnKqSHhYZUcezDaykATzu573bRM2QRurEUqQJp6,5.5304,20.6,20.59,19.1,7829,2003,9849871.6,0.0015,0.0285,7101,0.85,0.3635,1.0,Solana_Whale_Accumulator
ImmortalXelf,82,9Vk7pkBZ9KFJmzaPzNYjGedyz8qoKMQtnYyYi2AehNMT,0.0,7.57,7.52,19.17,11752,2082,454820.38,0.0,0.5014,27438,0.85,1.7918,1.0,Multichain_Syndicate
GW8vsg8Fkb,83,GW8vsg8FkboEdZWqajakd2AWRiJMWYkwsbDk1BpsZRH6,4.4498,35.89,31.76,34.25,13750,2049,24542.35,0.0005,0.0469,44,0.85,1.7918,1.0,Multichain_Syndicate
HSSyZsizWd,84,HSSyZsizWdJ7fC9tH52aJATfRPnAijQPAfEJcRjPZZzD,4.2335,35.74,23.21,22.22,8059,1644,20502.91,0.0012,0.0249,45,0.85,1.7918,1.0,Multichain_Syndicate
louz514,85,A73unoJqKuLqfJCHqjvS7SccneuzY8FoXq47x2UwoCKe,0.0,37.51,14.29,16.67,6773,2025,639955.49,0.0069,0.2301,9169,0.85,1.7918,1.0,Multichain_Syndicate
CupseyV,86,VVV4C8wbLVU5Yw2JmdF7SPmoG2ubmJmmcjzHAJcdHgH,4.9757,44.93,44.19,37.21,47609,2160,80407.86,0.0,0.0046,4544,0.85,1.7918,1.0,Multichain_Syndicate
technoviking46,87,5d3jQcuUvsuHyZkhdp78FFqc7WogrzZpTtec1X9VNkuE,6.0097,36.64,37.5,52.94,14868,2132,1228736.49,0.0005,0.0047,70631,0.85,1.7918,1.0,Multichain_Syndicate
35ymPRRC1c,88,35ymPRRC1cPRt3XtwE46o79t734k8ZyCmXDbiibNd3M4,4.292,55.85,45.75,49.12,2786,862,524527.01,0.0,0.0383,123,0.85,1.7918,1.0,Multichain_Syndicate
panzonhl,89,2AuCMeKQ9NXCaVX6SVU63kaKHMKF3R6ui2gUkTtD9ne8,3.7856,31.78,32.46,32.61,1963,372,4213.44,0.0027,0.0538,2509,0.85,1.7918,1.0,Multichain_Syndicate
As9AD6Kbiq,90,As9AD6KbiqQeMRgYNVQiRwRnfBmjESPTsvh6gQRjoB8b,3.7982,29.25,28.69,36.36,11460,1605,198947.27,0.0,0.0449,31,0.85,1.7918,1.0,Multichain_Syndicate
sue_xbt,91,HJJtPppbZ2ZmRoJAKbk4VAkcQ4bMYNjGEnoYWCnrUsfZ,0.0,29.88,50.0,50.0,2180,513,12453.15,0.0,0.2963,34461,0.85,0.0,1.0,Solana_DEX_Scalper
6ttRrzGunS,92,6ttRrzGunSwKAJKakF4ZGibMEMVPYvuh74XWxGA9gWLb,3.7419,30.58,27.27,34.72,10002,1478,177588.78,0.0,0.048,37,0.85,1.7918,1.0,Multichain_Syndicate
BfG7WYmrav,93,BfG7WYmravgBhNdWpGoiFmF8L1duw2vdqdDHiZid2hoJ,3.5651,31.3,30.17,24.82,11149,1927,30586.15,0.0005,0.0716,55,0.85,1.7918,1.0,Multichain_Syndicate
GGLGhzaaJw,94,GGLGhzaaJwNbt5ZNUVFbsk9DEmvvPqBWpHeXW8Taeh58,3.8159,30.95,26.72,27.93,5725,1712,5828.26,0.0023,0.0689,16,0.85,0.0379,1.0,Solana_DEX_Scalper
Loopierr,95,9yYya3F5EJoLnBNKW6z4bZvyQytMXzDcpU5D6yYr4jqL,6.2571,33.16,34.44,35.0,50151,2067,1878017.48,0.0015,0.0411,36798,0.85,1.7918,1.0,Multichain_Syndicate
9N6EjGajgT,96,9N6EjGajgTSpbjwhCb9LKg5JsAkBw8qkqBhaxdqP6DBL,4.0533,41.05,32.29,35.48,2284,1024,38320.9,0.001,0.042,58,0.85,1.7918,1.0,Multichain_Syndicate
3S6MGQMjyt,97,3S6MGQMjytdoNiaXudt2xMJEdtVg9vV8GELXFfwKt4nk,4.0421,39.27,37.17,37.67,13708,2162,88972.58,0.0,0.0837,124,0.85,1.7918,1.0,Multichain_Syndicate
HunterOnlyETH,98,J485YzQjuJPLYoFEYjrjxd7NAoLHTiyUU63JwK7kLxRr,6.2863,46.56,53.57,38.89,34862,2025,3611090.86,0.0,0.002,32899,0.85,1.7918,1.0,Multichain_Syndicate
shenron__1,99,BxpFcT9fkZwKHuvXPKcfxo6k5v28VJdzozXD2scAgsn,3.8667,14.54,18.18,50.0,5086,1989,79744.89,0.0005,0.0075,2247,0.85,1.7918,1.0,Multichain_Syndicate
iprintcash,100,AsEqwGCNfnB4LK7ewMGc9i9LJ1nsQRNzBGrADY1GNm8Z,4.1398,21.88,20.83,22.73,9749,2148,143222.4,0.0056,0.1811,17,0.85,1.7918,1.0,Multichain_Syndicate
HunterOnlyETH,1,0x7a2363a401b2340c7941dd2eeff0196a5078d2e6,6.5375,66.1,66.01,63.23,81017,2000,494244.12,0.0005,0.0075,32899,0.25,1.7918,3.0,Multichain_Syndicate
rob02643673_rob,2,0x2ce9d43d1cba6ae31d7f07bfe0098dfa2d833373,6.5337,63.49,63.41,71.71,30101,2000,1126332.39,0.0055,0.009,15813,0.25,1.7918,2.4,Multichain_Syndicate
antpositions,3,0xa83b73f5644cde337b61da79589f10ea15548811,6.5621,40.6,40.65,42.33,238577,2000,157658.05,0.0,0.012,5497,0.25,1.7918,4.33,Multichain_Syndicate
XIGUA0903,4,0x3472ccf6209925204b9cf352171ee150904fda7e,5.4624,57.14,57.14,56.09,33272,2000,103825.26,0.0005,0.0235,6710,0.25,1.7918,4.0,Multichain_Syndicate
feibo03,5,0xe1e3252b8b2f9bf2a8335389ba8ee62e6ea29407,4.6477,52.3,52.3,54.1,5123,2000,577072.49,0.0015,0.0135,42711,0.25,1.7918,2.4,Multichain_Syndicate
hzjxhcyy,6,0x877af245c61289b24f0c619a4346cdbc68f1aaac,5.6955,42.3,42.3,38.82,42394,2000,761032.62,0.0,0.009,3112,0.25,1.7918,2.67,Multichain_Syndicate
CryptoCharming,7,0xcc291dcd83bd9f2600cca4d65ae3b724eaf4f5a9,5.2241,54.49,54.49,62.2,849,688,792377.35,0.0015,0.0305,21407,0.25,1.7918,2.75,Multichain_Syndicate
SuperL9,8,0x7e8fb0392542812476d9f2d0d71c01d1fa0776c5,6.2313,49.1,49.1,49.72,26252,2000,790160.81,0.003,0.066,40018,0.25,1.7918,2.57,Multichain_Syndicate
oooooyoung11,9,0xddac928a240bdace3994c2cc0783d4e29a002127,5.8969,40.7,40.7,36.92,37942,2000,626802.2,0.0015,0.013,6529,0.25,1.7918,3.0,Multichain_Syndicate
0xrap9,10,0xa1426c6f65fe804e05ce3c07a42412d735ef78bc,5.7488,46.72,46.54,46.58,68055,2000,818603.84,0.0,0.0045,2023,0.85,1.7918,6.0,Multichain_Syndicate
0xLuckHK,11,0xffbd5a03e1e936bfae82c567f8b41e0a95296dcc,5.0619,35.5,35.5,37.59,11440,2000,123323.65,0.0015,0.0105,3904,0.25,1.7918,4.0,Multichain_Syndicate
0x7dcf2757,12,0x7dcf275735184a51ade69c7c8e6e54c2dd23aeef,5.2501,40.38,40.4,57.25,27530,2000,273383.57,0.0025,0.01,764,0.25,1.7918,4.0,Multichain_Syndicate
NeoCallss,13,0xe28601398a5448d1147e6e8b0e0c6d686f0d216d,4.9366,47.25,47.38,51.15,4232,2000,1521647.39,0.001,0.01,28825,0.25,1.7918,3.67,Multichain_Syndicate
yesp999,14,0x550647e8faf10116f0367526080c1005809b4653,4.6733,46.02,46.02,41.97,2887,1366,284171.46,0.0022,0.0227,8476,0.25,1.7918,3.0,Multichain_Syndicate
fnmilito,15,0xd41feaa24dede516a501862cf1f376defb811772,6.1328,65.91,66.73,63.41,54429,2000,1164032.11,0.0,0.014,8690,0.25,1.7918,2.5,Multichain_Syndicate
frostyyy,16,0x0b3edd0d0bf7c6281a7f8ae5a5630defb94ae78e,5.1805,45.9,47.83,34.62,1792,2000,2766448.83,0.0015,0.0055,236585,0.25,1.7918,2.25,Multichain_Syndicate
kurtzxx,17,0xf78b066050e00fdb9b980e265aa9f317ef4b947c,5.9968,54.21,57.51,48.15,3195,2000,1643658.71,0.002,0.0065,127837,0.85,1.7918,3.5,Multichain_Syndicate
ohzarke,18,0x07cdaf0140c60a0c34681065abf49bb8d85b8cbe,5.9774,57.4,43.9,62.5,16889,2000,2298621.53,0.0015,0.0065,21889,0.25,1.7918,2.75,Bsc_Whale_Accumulator
First_believer_,19,0xec1e5db246faaa9057fd01c6882df0433e6711a3,5.0556,37.41,37.41,35.36,17009,2000,616191.99,0.001,0.0525,73,0.25,1.7918,2.67,Multichain_Syndicate
yue581,20,0x0143c153035dd5061f237a9eddd722940718d1c8,5.054,37.48,37.48,36.65,13332,2000,369732.78,0.001,0.01,98,0.25,1.7918,1.75,Multichain_Syndicate
CCPiggy_,21,0xf7a934528d38e2f2865a7cd30c335c6d115928b8,5.0927,59.17,59.17,58.75,42450,2000,528196.89,0.001,0.021,5397,0.25,1.7918,1.0,Multichain_Syndicate
0xAA_Science,22,0x8d5624fa29526c879a1ca7560961e4c5a08089ae,5.8435,73.33,69.12,60.0,4186,2000,3056752.33,0.0025,0.007,181973,0.25,1.7918,2.57,Multichain_Syndicate
mrghostinvblog,23,0xf11c526605668d67e1cff264c30605eb2579babf,5.4619,13.52,16.67,40.0,970,2000,13521362.78,0.001,0.0845,23885,0.25,1.7918,1.67,Bsc_Whale_Accumulator
xuxubaobao0819,24,0x9cd581ff7804f5f3caf35f55d3cf73fbf42f0072,4.4374,47.89,47.89,52.1,1851,1167,332562.93,0.0009,0.018,6688,0.25,1.7918,4.0,Multichain_Syndicate
wolfyxbt,25,0xc652368b05a27dd70d135f636536714e2806bd9a,5.0666,37.79,36.67,33.33,2189,2000,3244772.23,0.0,0.033,859562,0.25,1.7918,1.4,Multichain_Syndicate
kwen_eth,26,0xa12cd8eb1f533255aa252655e456b8c48e9c3d52,4.5177,33.44,17.39,50.0,15088,2000,2496801.78,0.0,0.0175,44351,0.25,1.7918,1.0,Bsc_Whale_Accumulator
888upupup,27,0x94cf7ed19901eb7d487c779e6d1baa87157b2d01,5.6652,63.8,65.07,61.61,19161,2000,1100232.35,0.001,0.003,1536,0.85,1.7918,3.0,Multichain_Syndicate
clukz,28,0x077b9981bc8a2ca417cea41861111da63266988b,6.0301,58.16,42.59,56.25,8861,2000,4214520.09,0.0005,0.0015,39328,0.25,1.7918,3.25,Multichain_Syndicate
yodacalls,29,0x371903abb32f5f69b536b77495e92adedfea25da,4.7566,41.22,43.69,40.0,6730,2000,1945828.26,0.0005,0.03,7297,0.25,1.7918,3.5,Multichain_Syndicate
CryptoKobe92,30,0xb4e1e589f5a5cb7f4c5d3bb0179dd678e421fee9,4.3117,51.99,51.99,57.28,2831,1384,412091.25,0.0,0.0217,30331,0.25,1.7918,1.0,Multichain_Syndicate
TurtleTavernTV,31,0x664d6645a04be9e27a8b33088f85025f29d45dc1,6.0557,55.65,47.89,70.0,7532,2000,2683790.12,0.0015,0.0095,27956,0.85,1.7918,1.0,Multichain_Syndicate
cz_binancein,32,0xaa4e9e8f1e9c03e6de9f5f78680a0f8ae5908709,5.3332,60.04,60.21,67.16,30634,2000,1123482.9,0.0,0.0105,879,0.85,1.7054,1.0,Bsc_Whale_Accumulator
run1ooooo1,33,0x4d9644d05fe2123b4eafa8d7fd31b0ea430726f3,6.8078,52.26,51.97,43.66,41775,2000,1113611.85,0.0035,0.0415,9970,0.85,1.7918,1.0,Multichain_Syndicate
absolquant,34,0xea89351778163b5d35db848444084bfe90a9ccbb,0.0,25.0,21.05,16.67,1382,1491,13407830.18,0.0007,0.0215,26383,0.85,1.7918,1.0,Multichain_Syndicate
Ash_RS9,35,0xed0ffebb4342c814947c27c2e00df6fd18bf81b8,4.5866,47.77,46.65,42.11,5885,2000,549119.41,0.0005,0.014,10217,0.85,1.7918,1.0,Bsc_Whale_Accumulator
YYzzy_diamond,36,0x20ff275ee89cbf0ece757d1691325b653dd4e756,4.507,56.98,56.98,51.21,5459,1687,308761.31,0.0012,0.0219,11569,0.85,1.7918,1.0,Multichain_Syndicate
0x57a01234,37,0x57a01234c07902722dca5c7363c4cdde6b059f9d,5.106,30.67,29.57,24.52,13109,2000,1160755.52,0.0005,0.001,311,0.85,1.7918,1.0,Multichain_Syndicate
BMooon97_,38,0x5f9bc316d8473d8c6634bd26f3e0932cd6bf0718,5.8725,37.04,35.0,44.44,1500,2000,3163694.71,0.0025,0.012,4546,0.85,1.7918,1.0,Multichain_Syndicate
money_let7,39,0x53c60e312c7f3d9fc15c7c021c6348364f1bafd1,3.8099,22.69,22.69,21.9,1102,675,549311.9,0.0074,0.0919,7375,0.85,1.7918,1.0,Bsc_Whale_Accumulator
Victo1159259,40,0x1ad30ecfb4b4916ea4df960d03721313586af8c6,5.0572,58.65,58.61,60.61,68051,2000,186152.69,0.0,0.0015,106,0.85,1.7918,1.0,Bsc_Whale_Accumulator
boring616888,41,0xe3577dd395e5adf2b0ffac3b2f0efa47c6bb77c3,4.5382,56.08,56.08,52.59,4391,1820,267884.74,0.0,0.0088,5169,0.85,1.7918,1.0,Multichain_Syndicate
collet9094,42,0xcc5ecdfc4f4b81e3363e6417031a4e3e3186a2f5,5.1268,45.8,43.1,42.5,2346,2000,8529553.63,0.001,0.013,43829,0.85,1.7918,1.0,Multichain_Syndicate
shenron__1,43,0xeeefff8ce2710fa490e0fcb794235e873c252d2e,5.9823,33.53,32.46,30.69,37849,2000,1239756.2,0.0,0.0045,2247,0.85,1.7918,1.0,Multichain_Syndicate
shenshou888,44,0x77e5efcf4d14f6136242dc2f5618d1854761deef,4.8751,46.03,46.35,46.59,10996,2000,927887.33,0.0,0.0235,17256,0.85,1.7918,1.0,Multichain_Syndicate
277422149x,45,0x40e569e9b5458c89b4910f3ecfade0f650e92a40,4.215,49.4,49.4,49.39,7013,2000,137355.05,0.0,0.0025,983,0.85,1.7918,1.0,Multichain_Syndicate
pxj888,46,0x199776730d88cfa1aa54e7f41df386b80ac150c5,5.2902,56.73,56.96,59.15,34914,2000,646175.65,0.0,0.0005,3029,0.85,1.7918,1.0,Multichain_Syndicate
Nicole623910,47,0xb750f03e86980a3dffdfad269a88f008bb78ea51,5.4019,29.88,29.82,29.4,46325,2000,363910.17,0.005,0.126,111,0.85,1.7918,1.0,Multichain_Syndicate
technoviking46,48,0x3d06315c94ac30b6061c91caf748fc2db04a89f4,5.4803,61.48,59.33,47.37,2910,2000,3584827.45,0.0035,0.0075,70631,0.85,1.7918,1.0,Multichain_Syndicate
hexiecs,49,0xeb89055e16ae1c1e42ad6770a7344ff5c7b4f31d,6.2232,56.52,62.5,45.45,1717,2000,2582306.06,0.001,0.003,97819,0.85,1.7918,1.0,Multichain_Syndicate
feng188666,50,0xf7ff38f74c8a5b4750e5f65ae74c924a441b7b90,6.126,38.19,37.62,50.0,16156,2000,2936289.66,0.0,0.0155,13249,0.85,1.7918,1.0,Multichain_Syndicate
czcz42049382444,51,0xd3a71f80906876d063321ccb125f2f214993de17,5.0844,37.35,37.35,36.5,34279,2000,595562.9,0.0,0.0065,1435,0.85,1.7918,1.0,Multichain_Syndicate
technoviking46,52,0x683035da6b84ce48421534c1d3d160a8487cb9bb,4.414,53.33,52.08,50.0,896,1558,2781790.36,0.0039,0.0103,70631,0.85,1.7918,1.0,Multichain_Syndicate
0x7586854e,53,0x7586854ec236f3ef8e7e5c7cc55dd3b449feed98,4.7803,49.02,19.59,8.27,9089,2000,4076664.47,0.0005,0.105,148,0.85,0.0,1.0,Bsc_Whale_Accumulator
sadd_asd77675,54,0xb226f97bc5b01978848dc440b40c70faea7c006e,5.9093,48.46,48.09,39.62,17838,2000,910564.29,0.0015,0.018,17374,0.85,1.7918,1.0,Bsc_Whale_Accumulator
mstzera,55,0x92662d5f5d0dbc25cce7ceba5a4160084c9e05ab,4.3368,46.5,42.86,50.0,411,1412,12829290.82,0.0028,0.0149,18773,0.85,1.7918,1.0,Multichain_Syndicate
Cendolnice,56,0xe9c4c7a243191961af4fd4df44cafe0fafcb2917,5.2678,26.82,33.85,56.25,17015,2000,2676965.52,0.001,0.0355,2510,0.85,0.3586,1.0,Bsc_Whale_Accumulator
0xd3b95b1f,57,0xd3b95b1ff9789912237a5b63d5bf4b6ed5a28548,4.8516,53.89,22.85,29.17,11368,2000,731689.53,0.002,0.026,166,0.85,1.7918,1.0,Multichain_Syndicate
DarkLight0023,58,0xd137469da61b84aa489058229dfe54c63a30faa0,4.937,52.95,62.17,63.51,28172,2000,2374179.16,0.0,0.0145,22,0.85,1.7918,1.0,Multichain_Syndicate
0x271c0106,59,0x271c01063f1c978dbacc45b54ba4403c97b0d675,4.8181,31.22,34.25,32.73,6310,2000,3670064.92,0.0025,0.0225,274,0.85,1.7918,1.0,Multichain_Syndicate
Zemrics,60,0x9dbfded199ee3a6b291c223e65f97d387156aada,5.8348,55.93,49.44,62.5,17292,2000,2172845.55,0.0015,0.008,9571,0.85,1.7918,1.0,Multichain_Syndicate
0xXian,61,0x5b2dda1f006a10bd894b308aaaf2309cbea1419f,4.7489,29.13,20.55,16.67,9009,2000,6565956.56,0.0,0.0365,3863,0.85,0.0,1.0,Bsc_Whale_Accumulator
corleonefnf,62,0xe45966b2b3b7868c07db92016188ffa86356053e,5.5776,50.0,37.5,33.33,797,2000,3960781.81,0.0,0.007,37608,0.85,1.7918,1.0,Multichain_Syndicate
dong7da7,63,0xb1e65ccc2f5d68e447bf321ba9bfba35a94f5ad5,5.2627,46.42,41.67,37.7,36907,2000,1288816.85,0.0005,0.0165,4252,0.85,1.7918,1.0,Bsc_Whale_Accumulator
ArisDwiPradipta,64,0x85f30a12840985eed55be14134b6ef0b34d38c2d,3.8545,23.28,21.88,27.42,1026,951,1104565.71,0.0042,0.0305,40280,0.85,1.7918,1.0,Multichain_Syndicate
0xe50042c4,65,0xe50042c497faa7a74f0fd24e66d82bba1f6c17a4,4.6849,49.05,52.65,60.95,19631,2000,1180353.44,0.0005,0.038,110,0.85,1.7918,1.0,Multichain_Syndicate
0xf21968ba,66,0xf21968ba364f2366a161c7f4e3dba2e8389e57a8,4.3685,55.37,56.43,51.5,16704,2000,781482.51,0.0,0.015,95,0.85,1.7918,1.0,Bsc_Whale_Accumulator
CupseyV,67,0x0f84d2da979180394fbf9c4499febd0f602a6767,5.3992,49.23,47.91,40.24,19928,2000,1009380.04,0.0005,0.0015,4544,0.85,1.7918,1.0,Bsc_Whale_Accumulator
0x5e1f51a9,68,0x5e1f51a982cdf19fc113deb66838eb0393bf7ec1,4.6142,39.04,42.4,48.88,40040,2000,412395.34,0.001,0.0125,124,0.85,1.7918,1.0,Bsc_Whale_Accumulator
gemlaicai,69,0xcca4b4d75775f8942f2c98adfa15c4a57c9a912d,3.3592,26.46,26.46,26.46,958,384,126887.02,0.0026,0.0234,2636,0.85,1.7918,1.0,Multichain_Syndicate
Orang_Tk,70,0x8b54982efb0d30df9eac59b3badde4ea951d20ca,4.6588,35.58,35.58,34.83,33061,2000,535716.0,0.0005,0.008,380,0.85,1.7918,1.0,Multichain_Syndicate
Brian_Degens,71,0xe475cd3f0d0a77ec581bb6540abef60b0f3f0d57,4.8368,31.72,33.33,75.0,875,604,4466817.79,0.005,0.0265,12663,0.85,1.7918,1.0,Multichain_Syndicate
apastala5,72,0xa4beaea04ee42f451f38c771842489d7649b95f2,4.6715,45.93,46.49,40.24,47242,2000,959502.16,0.002,0.013,2167,0.85,0.236,1.0,Bsc_Whale_Accumulator
TheFluke999,73,0xda8e6446c8e2c55a43599cf4f461adbfff56b311,4.7208,53.56,52.59,31.25,7371,2000,2654471.95,0.0,0.0155,16628,0.85,1.7918,1.0,Multichain_Syndicate
0xf672ce59,74,0xf672ce59fafd2a173d275abc626087b1eae874a2,5.0072,56.36,63.04,64.29,2463,1490,4149585.94,0.0034,0.0081,2678,0.85,1.7918,1.0,Multichain_Syndicate
panzonhl,75,0xf907877022b1e61232aca00661d6fb629b356d4c,4.1003,50.7,56.7,58.82,3714,1073,2499318.99,0.0009,0.0093,2509,0.85,1.7918,1.0,Bsc_Whale_Accumulator
milesjnixon,76,0x2f47ca870e6febbd7cd9b7fdbe1d76467709a085,5.3278,57.68,57.68,56.63,34386,2000,1174192.98,0.0,0.0045,1081,0.85,1.7918,1.0,Multichain_Syndicate
PenguBTC,77,0x02c89cb00da8aec602587b2f1bb5be7e278a1801,4.9905,42.42,27.93,38.89,11294,2000,1785224.37,0.0,0.0025,133,0.85,1.7918,1.0,Multichain_Syndicate
QuietGain8888,78,0x819ac645ff9bdda7fd6f1fdf8dabc584c88578a6,5.6421,32.04,32.96,34.36,18884,2000,860722.07,0.0015,0.0085,55,0.85,0.0,1.0,Bsc_Whale_Accumulator
kuzekinpi,79,0x2b6dde3025acf758e6350d4adb4cc74cf6146644,5.2474,50.9,44.0,55.56,2385,1453,1836686.28,0.0034,0.0096,95,0.85,1.7918,1.0,Multichain_Syndicate
0xzhy,80,0x7f282a3313bc8e375f2f0893a8518b4b00ed6e55,4.4363,45.62,45.62,50.6,9349,1551,299732.94,0.0006,0.0129,183,0.85,1.7918,1.0,Multichain_Syndicate
0x2292f6c6,81,0x2292f6c630140c767b675cc60020c6e16f37a9d2,4.4827,70.32,69.51,70.0,1599,956,3052013.55,0.0,0.0042,133,0.85,1.7918,1.0,Multichain_Syndicate
ShaBitrader1,82,0x00bbebb4522ad6bdf2b363872b9b5cc0661acda1,5.3888,51.11,52.4,49.09,19102,2000,440192.09,0.001,0.006,48,0.85,1.7918,1.0,Multichain_Syndicate
EdisonZz798,83,0x1dde452ba18505865deaa29b84be2191943579ab,4.2788,42.08,45.69,38.82,7687,2000,2153878.4,0.0015,0.0015,40714,0.85,1.7918,1.0,Multichain_Syndicate
0x314e6555,84,0x314e6555bd6b8775101965959324f5ab8a049494,4.6221,58.06,60.58,63.27,32460,2000,1238080.95,0.0,0.0015,481,0.85,1.0852,1.0,Bsc_Whale_Accumulator
0p88j,85,0x043b0945b6d878e593d8ea7737c53f17a01e906e,4.6444,43.71,43.28,40.25,24849,2000,220510.02,0.0,0.006,2,0.85,1.7918,1.0,Multichain_Syndicate
michelMX65,86,0x7f7cfb554704357395ed3a9fd6a7fdee4cd89457,3.8008,47.1,46.31,43.4,5752,2000,1278643.86,0.0,0.017,4617,0.85,1.7918,1.0,Multichain_Syndicate
Web3shenqing,87,0xd216cf8ee73da8438a3e57dc63703043cfb6e075,5.1458,36.25,36.25,32.92,68846,2000,385031.27,0.0005,0.0105,39249,0.85,1.7918,1.0,Multichain_Syndicate
zhaocaidev,88,0xd44e17d5daeab4ec126e2c8395758b55f959298b,5.4124,34.63,33.4,35.04,19655,2000,1294758.14,0.0005,0.0495,376,0.85,1.7918,1.0,Multichain_Syndicate
0xfa53a6c3,89,0xfa53a6c3a7cc6d08f925aca46c49433b945ed335,4.1279,33.17,33.27,36.12,7814,2000,1023294.84,0.0,0.006,46,0.85,1.7918,1.0,Bsc_Whale_Accumulator
0xb7b05d0d,90,0xb7b05d0db435dc8fa5238189d9b07f0ee3dc8317,4.4189,37.93,30.71,30.43,3067,1263,1237380.57,0.0024,0.0245,113,0.85,1.7918,1.0,Multichain_Syndicate
okmetom,91,0xef395d6a8ef0fa4f2593ee3e10b9fd4df1fa9c2e,4.0678,40.94,40.94,43.11,6247,1976,170949.83,0.0,0.0612,11237,0.85,1.7918,1.0,Multichain_Syndicate
0x81d20b2c,92,0x81d20b2c34d37e406659a80008723b4ea815717d,5.1628,61.22,62.64,46.43,3090,1724,4352471.07,0.0046,0.0099,1900,0.85,1.7918,1.0,Multichain_Syndicate
0x31af5d14,93,0x31af5d14994392788b28cfbba714f02de4b98a83,4.0857,59.92,72.03,68.52,2603,1348,1181652.53,0.0,0.0045,49,0.85,1.7918,1.0,Multichain_Syndicate
gold_burger,94,0xdb3a65a512dee57cbf4d8c797fcbad290dcde953,3.9222,38.6,38.6,62.96,2334,784,491023.32,0.0,0.0204,16179,0.85,1.7918,1.0,Multichain_Syndicate
0x0024876d,95,0x0024876da9dae609a89a60d6c195541b6399d7ba,4.3777,33.53,29.66,22.5,8171,2000,977237.45,0.0,0.006,203,0.85,1.7918,1.0,Multichain_Syndicate
notdecu,96,0x15ad62a925d767310716b94ff4b9430dd7a5aa67,3.9603,42.86,100.0,100.0,1866,1487,2137892.71,0.0007,0.0067,96888,0.85,1.7918,1.0,Multichain_Syndicate
pe___lu,97,0x347ffc6db9acc54ac2019795173b9599e8b82bd9,4.4638,44.17,41.67,41.67,7397,2000,3062701.9,0.0,0.0035,2867,0.85,1.7918,1.0,Bsc_Whale_Accumulator
shanheBTC888,98,0xb999da0ab2cb8fbf493d0ca73672924ad1d111e5,0.0,57.64,60.17,63.29,7984,2000,3059500.75,0.0005,0.021,6843,0.85,1.7918,1.0,Multichain_Syndicate
0x9a983a53,99,0x9a983a5356bd37207ba8e6e33bd9be126f340a95,4.3144,62.2,53.21,46.67,1721,1111,2990290.14,0.0,0.0144,600,0.85,1.7918,1.0,Multichain_Syndicate
0x73296bd8,100,0x73296bd87fe5c59e2367e000c220d46e67172c48,4.809,57.81,50.33,47.06,5837,2000,5318073.2,0.0005,0.0255,704,0.85,1.7918,1.0,Multichain_Syndicate
krybharat,1,0x0871deb34bfd2052b1c10dc4f6c0912a2a47e927,4.4293,25.33,25.0,50.0,1076,917,13504795.77,0.0011,0.0022,123467,0.85,0.4706,2.0,Base_Whale_Accumulator
0x606d2c43,2,0x606d2c436a07be40c276a6176bb1376c34e49ee9,4.0203,23.22,31.25,100.0,1994,2000,14290061.39,0.0005,0.0105,149,0.25,1.7918,1.2,Multichain_Syndicate
Beautrj,3,0x05c17ffad91bbd8e07bb896c15b792e073686183,5.2199,49.06,43.75,100.0,2213,745,6744853.44,0.004,0.0107,1337,0.85,1.7918,4.0,Multichain_Syndicate
panzonhl,4,0xf907877022b1e61232aca00661d6fb629b356d4c,4.9076,40.93,42.22,60.0,8470,2000,3450361.19,0.0,0.0035,2509,0.25,1.7918,2.67,Base_Whale_Accumulator
jeffthedunker,5,0x37a6156e4a6e8b60b2415af040546cf5e91699bd,3.7711,33.33,25.0,50.0,91,549,11506210.31,0.0,0.0,10264,0.85,0.3274,2.0,Base_Whale_Accumulator
fhn_gt,6,0xe5e9ffe707ee071998340972af6fb178f5c64ba6,0.0,47.06,33.33,50.0,1361,2000,4796666.31,0.0,0.0005,847,0.85,0.5379,3.0,Base_Whale_Accumulator
100y_eth,7,0xb2f9bbc5db84a95b598cab0c464cf92d584d8900,0.0,31.25,33.33,50.0,220,465,12469715.96,0.0,0.0022,20899,0.25,1.7918,2.0,Multichain_Syndicate
gheezfn,8,0x5e8343066704cea8f254b637b3e4fc9be6ab318a,3.6426,37.04,33.33,50.0,146,263,6414464.62,0.0,0.0,7791,0.85,1.7918,3.5,Multichain_Syndicate
0xf99583d3,9,0xf99583d39e0a967d45d7faf0b28235bf4623c268,4.8437,39.58,40.0,45.45,4740,2000,11523788.06,0.008,0.0245,430,0.85,1.7918,1.5,Base_Whale_Accumulator
erichsu_eth,10,0x5865363bb04450ab313dcd2e71a189efb3c31e41,3.9055,27.91,39.13,100.0,333,2000,3595427.62,0.0005,0.0035,9646,0.25,0.0,1.0,Base_Whale_Accumulator
pe___lu,11,0x347ffc6db9acc54ac2019795173b9599e8b82bd9,5.3335,53.42,54.11,83.33,16574,2000,692161.25,0.0,0.0,2867,0.85,1.7918,1.0,Multichain_Syndicate
alkuap,12,0x1df3160f73fd6c1bec394c51fc20b7b2a91d6330,4.9141,43.38,38.98,34.62,11476,2000,674655.28,0.0,0.0025,2823,0.25,1.7918,1.67,Base_Whale_Accumulator
0xfd7e55a5,13,0xfd7e55a555555c2f25053a38ec744de1afea4fa4,5.2791,32.59,35.0,100.0,3084,2000,1756831.29,0.0,0.0105,38627,0.25,1.7918,2.25,Multichain_Syndicate
0x98c43da6,14,0x98c43da65205b7c53a857d79f3d1f6fbc0b76fa5,5.7729,60.98,61.76,72.73,6840,2000,1178121.29,0.0,0.001,4701,0.25,1.7918,2.0,Multichain_Syndicate
CupseyV,15,0x0f84d2da979180394fbf9c4499febd0f602a6767,4.5143,56.86,53.15,39.13,3315,2000,520471.29,0.0005,0.001,4544,0.25,1.7918,2.25,Base_Whale_Accumulator
shenron__1,16,0xeeefff8ce2710fa490e0fcb794235e873c252d2e,4.1933,10.48,15.38,38.46,439,309,3566044.1,0.0065,0.0227,2247,0.25,1.7918,1.5,Multichain_Syndicate
0x59905d5d,17,0x59905d5d085e0caf031ba883b821ba354e51f95e,5.3742,46.89,48.1,55.56,8289,2000,773038.83,0.0,0.0045,75701,0.25,1.7918,1.0,Multichain_Syndicate
0xJyEth,18,0x2849857d9b640fd2104c4607c6c23dec3c798370,4.5359,41.67,50.0,100.0,552,2000,3812209.24,0.0,0.001,5954,0.85,0.0411,1.0,Base_Whale_Accumulator
technoviking46,19,0x3d06315c94ac30b6061c91caf748fc2db04a89f4,4.7632,47.06,46.15,100.0,694,2000,4193880.47,0.0,0.0015,70631,0.25,1.7918,1.25,Multichain_Syndicate
whashywash,20,0x609f2c912175f8cd4438c1882f291fa6a4b4c735,4.4054,41.67,43.48,100.0,688,2000,1750557.88,0.0,0.001,25332,0.25,1.7918,2.67,Multichain_Syndicate
NeoCallss,21,0xe28601398a5448d1147e6e8b0e0c6d686f0d216d,4.3868,49.35,47.06,50.0,1086,531,2646533.14,0.0019,0.0151,28825,0.85,1.7918,1.0,Multichain_Syndicate
frostyyy,22,0x0b3edd0d0bf7c6281a7f8ae5a5630defb94ae78e,5.1406,55.06,52.63,100.0,987,2000,3479861.92,0.0005,0.0015,236585,0.25,1.7918,1.67,Multichain_Syndicate
0xyukaz,23,0xa05ec35f7d1eba823cff2ed26aeaed419683742f,5.6391,49.44,47.5,66.67,2508,2000,1918178.25,0.0015,0.0055,16435,0.25,1.7918,2.4,Base_Whale_Accumulator
collet9094,24,0xcc5ecdfc4f4b81e3363e6417031a4e3e3186a2f5,0.0,40.0,100.0,100.0,76,141,5456589.41,0.0,0.0142,43829,0.85,1.7918,2.0,Base_Whale_Accumulator
gold_burger,25,0xdb3a65a512dee57cbf4d8c797fcbad290dcde953,2.27,33.33,33.33,100.0,49,19,271190.89,0.0,0.0,16179,0.85,1.7918,1.5,Base_Whale_Accumulator
rcivNFT,26,0x3310fd13c6c55f054cc128439e1e51cd0cb16fed,0.0,20.45,50.0,100.0,302,1275,14919193.98,0.0,0.0125,8695,0.25,1.7918,1.0,Base_Whale_Accumulator
teddi_speaks,27,0xd3abaa759af897122c876b87cf386f748cb213a8,3.7047,16.13,28.57,50.0,69,310,12395510.59,0.0065,0.0032,141852,0.25,0.1916,1.67,Base_Whale_Accumulator
Rex416_NFT,28,0x6609dfa1cb75d74f4ff39c8a5057bd111fba5b22,0.0,0.0,0.0,0.0,10,181,19859068.81,0.0,0.0,7929,0.25,0.0056,1.0,Base_Whale_Accumulator
0xa12fa237,29,0xa12fa23701f00ad2663e339386d65cd94a144cbc,7.2474,44.24,33.33,28.57,110091,2000,17867503.87,0.024,0.004,68,0.85,1.7918,1.0,Multichain_Syndicate
SmolHydra,30,0xeb20b344612e8825ca07206f40f2b88e5afd5dd3,0.0,38.46,40.0,100.0,280,2000,4299088.57,0.0,0.0,1174,0.25,0.4364,1.67,Base_Whale_Accumulator
buythedipnhodl_,31,0x217946e128c1b9c7f8c3f16b33878a908713923a,4.4478,38.61,55.88,53.85,1830,627,3535756.17,0.0032,0.0096,5915,0.85,1.7918,1.0,Base_Whale_Accumulator
bizyugo,32,0xbdfa4f4492dd7b7cf211209c4791af8d52bf5c50,0.0,8.33,100.0,100.0,61,885,13757230.42,0.0,0.0,74727,0.85,1.7918,1.0,Multichain_Syndicate
bloodredfrog,33,0x0cef7feff37208e1295ac6537445a9b5bc566fd5,0.0,10.88,33.33,50.0,528,1413,13261914.81,0.0,0.0269,10033,0.85,0.0009,1.0,Base_Whale_Accumulator
aomra_00,34,0x821d92e6e62a2004e2cec914c23a9f346add0331,3.1761,8.82,28.57,66.67,235,801,14164571.38,0.0,0.005,8933,0.85,1.7918,1.0,Multichain_Syndicate
Connoreo,35,0x2f5eb3f35df41a6bfbd17faaf0130b3d4228759e,4.5726,42.86,66.67,100.0,669,502,7623388.69,0.004,0.008,24245,0.85,1.7918,1.0,Base_Whale_Accumulator
dragonfly,36,0xbea07b01e8fe3936a3d206158521a87addb65cfe,0.0,0.0,0.0,0.0,0,0,0.0,0.0,0.0,1486907,0.85,0.0,1.0,Base_DEX_Scalper
a16z,37,0x05e793ce0c6027323ac150f6d45c2344d28b6019,0.0,0.0,0.0,0.0,0,8,0.0,0.0,0.0,1089741,0.85,0.0,1.0,Base_DEX_Scalper
Cgo_d188,38,0x48d064323252e3a60e352fe27b9e8979090c37a8,0.0,0.0,0.0,0.0,0,0,0.0,0.0,0.0,20221,0.85,0.0,1.0,Base_DEX_Scalper
leo919,39,0x7f3fb054e59bc0ceaca7c13423a66565795128c7,0.0,0.0,0.0,0.0,0,0,0.0,0.0,0.0,8109,0.85,0.0,1.0,Base_DEX_Scalper
0x80c9faf6,40,0x80c9faf6ee0538f7a11be306e73b365bb092b56f,4.9225,61.11,33.33,0.0,2964,1592,9616073.59,0.0013,0.0151,5153,0.85,1.7918,1.0,Base_Whale_Accumulator
zsf11221,41,0xe4ef584eb114335ad6deedf89d845527a06e1d28,0.0,0.0,0.0,0.0,10,42,14217314.66,0.0,0.0238,12124,0.85,0.0253,1.0,Base_Whale_Accumulator
0xblackchip,42,0xacd0cea3607626a6198bbb50718eb84ee7e5799d,3.8731,38.1,50.0,0.0,1329,2000,4413426.4,0.0,0.0015,7489,0.85,1.7918,1.0,Base_Whale_Accumulator
EnteringWealth,43,0x4a55d7558af03e72ee161591db97f0ed840a81dc,1.4704,100.0,100.0,100.0,2,1,87848.0,0.0,0.0,3673,0.85,0.001,1.0,Base_Whale_Accumulator
DejunGp,44,0x388300a95a7353810aa51a2b472cc5a38b91dede,0.0,42.11,0.0,0.0,70,66,21568667.9,0.0,0.0152,4936,0.85,0.0,1.0,Base_Whale_Accumulator
100xDan,45,0x9782d08d2d8657b154e00e8d43bc0150ee5febaa,3.862,12.5,20.0,0.0,71,30,1347174.4,0.0,0.1,7390,0.85,0.0237,1.0,Base_Whale_Accumulator
nineteen_888,46,0x9db43bb875e10bad12cdf798b14f279e3775ddff,3.0194,39.66,50.0,0.0,235,113,2020075.06,0.0,0.0177,31279,0.85,0.0,1.0,Base_Whale_Accumulator
Huang2024,47,0x629fe6d73d5ca48c1b5e4ef35bb7319080c4aba5,0.0,21.74,75.0,100.0,135,92,3404174.58,0.0,0.0109,25425,0.85,0.0048,1.0,Base_Whale_Accumulator
0xAlif,48,0x81b24791bc6c6713adf55c4f135f13639e92e5ae,0.0,26.19,44.44,0.0,86,858,17433807.66,0.0,0.0035,5284,0.85,0.2685,1.0,Base_Whale_Accumulator
CRYPTOALBATROSS,49,0x66883274f20a617e781c3f869c48ed93a041f178,2.6295,25.0,0.0,0.0,19,50,6939066.12,0.02,0.0,9486,0.85,0.1301,1.0,Base_Whale_Accumulator
FrankYoungBao,50,0x695b065ddf17ca69f4b1b77f1a0680cd438f1970,0.0,47.62,50.0,0.0,140,63,16326665.85,0.0,0.0476,13966,0.85,1.7918,1.0,Multichain_Syndicate
Edward__Park,51,0x231b405c333db6d81adeaadf4c6ff3940ea5db21,0.0,17.14,100.0,0.0,106,628,10933939.51,0.0,0.0016,43946,0.85,0.1439,1.0,Base_Whale_Accumulator
YYzzy_diamond,52,0x20ff275ee89cbf0ece757d1691325b653dd4e756,2.0086,100.0,100.0,0.0,2,2,562450.5,0.0,0.0,11569,0.85,0.0249,1.0,Base_Whale_Accumulator
cryptolfggo,53,0xaf3d75ac07863a715de23954aeb26f1ab1a6cac1,0.0,18.75,100.0,0.0,29,306,16919996.82,0.0,0.0033,30727,0.85,0.3909,1.0,Base_Whale_Accumulator
0xETHRex,54,0xa60aadf62907bf06dd714781d44bbd4c2d783259,0.0,13.45,33.33,0.0,794,1145,14230511.26,0.0,0.007,33,0.85,1.7918,1.0,Base_Whale_Accumulator
_SVVVG3,55,0xf631eae9033f881a35091f221ac20ee0c6b05310,2.6388,30.56,41.67,0.0,3,869,17424160.91,0.0012,0.0,10658,0.85,0.0517,1.0,Base_Whale_Accumulator
malemale8888,56,0x5f6d7e7e2eaaa6fc96994f1e24bcacf6321fde11,0.0,0.0,0.0,0.0,0,0,0.0,0.0,0.0,42825,0.85,0.0,1.0,Base_DEX_Scalper
BTC_Alert_,57,0x039d4461f3dacbf69830d64fe5cca5e180c49858,2.2965,100.0,0.0,0.0,3,87,8010652.09,0.0,0.0,44172,0.85,0.0102,1.0,Base_Whale_Accumulator
punk6995,58,0xdf2a8e398b97899ecda4db93bb00eee386338d3a,3.2019,47.06,50.0,0.0,96,2000,2577585.18,0.0,0.001,7836,0.85,0.0102,1.0,Base_Whale_Accumulator
stacy_muur,59,0xaa9543f2eff0e7a4b267f839612945841172b02f,0.0,9.09,25.0,100.0,12,614,15208999.1,0.0,0.0,78100,0.85,1.6354,1.0,Base_Whale_Accumulator
nyenchenn,60,0xcbc04b6607e7ebe0373c3ee361ba396b8ecb721c,4.9238,30.84,30.56,0.0,2583,661,3738310.14,0.003,0.0514,8309,0.85,0.0177,1.0,Base_Whale_Accumulator
kreo444,61,0x7551fd7a88afd941ddcc0a4f1cb62cf85afdae61,3.6336,50.0,50.0,0.0,51,118,8352139.25,0.0,0.0,35027,0.85,1.7918,1.0,Base_Whale_Accumulator
H2H_JIWOO_,62,0x92ec9b0cacf6e110d57a9cfe8d5abb472ff3efb4,0.0,0.0,0.0,0.0,0,0,0.0,0.0,0.0,9593,0.85,0.0,1.0,Base_DEX_Scalper
SmokezXBT,63,0x9f626d6e0b39f9d37c676f13230fbd4f07d8d4a8,0.0,0.0,0.0,0.0,0,0,0.0,0.0,0.0,67269,0.85,0.0,1.0,Base_DEX_Scalper
BitPuPu,64,0x7f1daf4d2729b3065d9cea2422cd5480fddbc000,0.0,0.0,0.0,0.0,0,0,0.0,0.0,0.0,27142,0.85,0.0,1.0,Base_DEX_Scalper
0x0cbb693e,65,0x0cbb693e0199cb7ad4f3c846f43045cb95247fc5,0.0,39.09,33.33,0.0,1931,2000,14563225.29,0.0,0.007,201,0.85,1.7918,1.0,Multichain_Syndicate
Esee06257,66,0x492cba689a5560e98008c4d032a139f5c0d1ff6e,0.0,26.4,20.0,0.0,664,412,9400427.96,0.0024,0.0218,23612,0.85,0.0228,1.0,Base_Whale_Accumulator
0xleng1,67,0x99514773a40f64e52ae3014c7836cf0e703dd0b1,2.671,45.45,100.0,0.0,113,68,5799364.08,0.0,0.0147,40216,0.85,0.0233,1.0,Base_Whale_Accumulator
0xecd1f3e9,68,0xecd1f3e99caa4cdbf174ad12ce79d89a8ba54fca,5.3052,30.0,0.0,0.0,1981,2000,3209415.94,0.0,0.0005,5074,0.85,1.4829,1.0,Base_Whale_Accumulator
Hercules_algo,69,0xbef491231527c9efb47c45603b85ea66439714a5,0.0,19.64,50.0,0.0,609,464,11452742.02,0.0,0.0043,6023,0.85,0.2111,1.0,Base_Whale_Accumulator
zachxbt,70,0x3f1c0ea76342cc3427962452891f8de8649a301b,2.927,47.22,100.0,0.0,133,358,10410466.01,0.0,0.0056,1108632,0.85,0.0006,1.0,Base_Whale_Accumulator
0xf11ae5d5,71,0xf11ae5d5d7898c6e56d625b21378f8947a3a8694,4.3327,45.7,40.0,50.0,856,453,7588144.47,0.0066,0.0375,59,0.85,1.7918,1.0,Multichain_Syndicate
loldefi,72,0xd5c2db008b969c4ef65ef1b625d0f7d8cc480240,0.0,7.69,33.33,33.33,16,121,8335447.6,0.0,0.0,26366,0.85,0.0022,1.0,Base_Whale_Accumulator
lukecannon727,73,0x8874174a2366668d54fea6343f71709389563c8a,3.1965,53.85,100.0,100.0,58,632,13493415.98,0.0,0.0,12627,0.85,0.1508,1.0,Base_Whale_Accumulator
matt_willemsen,74,0xe6a5f1690fcda05d9ba0a663b6e7ddf3c97eb7b1,3.6949,35.76,45.45,100.0,1222,2000,14142504.89,0.001,0.0165,9086,0.85,0.0969,1.0,Base_Whale_Accumulator
lanyihou,75,0x42756ec8febdf07248211b6aa6376a66502878da,0.0,23.4,25.0,0.0,183,414,13225340.11,0.0024,0.0217,106977,0.85,0.1381,1.0,Base_Whale_Accumulator
Cgo_d188,76,0x14c8fd5aa39930a8baf4b9ce0e9d1a258e50f4e6,1.9596,60.0,0.0,0.0,12,7,0.0,0.0,0.0,20221,0.85,0.0058,1.0,Base_DEX_Scalper
0x8f6448ea,77,0x8f6448ea8a6a0d223acf4f2746dab5d032c65b72,0.0,0.0,0.0,0.0,0,212,10581572.41,0.0,0.0,16130,0.85,0.0,1.0,Base_Whale_Accumulator
bagufps,78,0xa3d3fed954a332992cfec8c606eeb2a25fbb3864,3.8782,45.0,33.33,0.0,106,232,8659714.58,0.0,0.0086,14157,0.85,1.7918,1.0,Multichain_Syndicate
GuruG_crypto,79,0x9224bbb4e0fbe2f2f8fab55debc41eb21fdfb804,0.0,17.46,33.33,0.0,289,821,10421387.17,0.0,0.0,702,0.85,0.2918,1.0,Base_Whale_Accumulator
CipherLight5426,80,0x5b617e16732c9f7f1445b1639bf241451c6f1789,0.0,0.0,0.0,0.0,3,0,0.0,0.0,0.0,61,0.85,0.0,1.0,Base_DEX_Scalper
0x1c4be61a,81,0x1c4be61af408446207d2d443ac247118fd84fed8,0.0,0.0,0.0,0.0,0,2000,2730738.61,0.0,0.0,261,0.85,0.0,1.0,Base_Whale_Accumulator
KZMKBL,82,0x0064f043786e8c597d6565fcbf4f0989bdd0f9a3,0.0,100.0,100.0,0.0,112,2000,3401750.77,0.0,0.0,9133,0.85,1.033,1.0,Base_Whale_Accumulator
BMooon97_,83,0x5f9bc316d8473d8c6634bd26f3e0932cd6bf0718,0.0,100.0,100.0,0.0,195,2000,5827027.95,0.0,0.0,4546,0.85,0.5443,1.0,Base_Whale_Accumulator
i_icepy,84,0x4a40eb870dcf533d4dc097c3d87aafe9f64490a1,3.3595,31.25,50.0,0.0,1146,2000,5284559.55,0.0,0.0,6595,0.85,1.0712,1.0,Base_Whale_Accumulator
CCCWDP,85,0xc0f24234a31050186b88c622a1389deec81f133e,0.0,0.0,0.0,0.0,2,78,6644610.0,0.0,0.0128,2938,0.85,0.0378,1.0,Base_Whale_Accumulator
derekbrown,86,0x605e05bf092ebd18e06d1b0f699df5b9dd85d452,0.5237,25.93,46.15,0.0,1383,2000,6188702.34,0.0,0.003,6157,0.85,0.0172,1.0,Base_Whale_Accumulator
ottabag,87,0xd4229d8166dbaa45689589d59fa968abc840b20f,3.4183,34.52,28.95,0.0,638,528,8994169.52,0.0019,0.0284,41124,0.85,1.6273,1.0,Base_Whale_Accumulator
qwikcrypto,88,0x4e8c7f243fab07d2ff3761d1ca43414ac6f61d12,0.0,31.88,50.0,0.0,385,188,5349927.77,0.0053,0.0638,658,0.85,0.0228,1.0,Base_Whale_Accumulator
jxs1688,89,0x2a080bd88e8c0c31ecc4966a056c0a88bac4422d,0.0,0.0,0.0,0.0,0,80,9457742.84,0.0,0.0,364,0.85,0.0,1.0,Base_Whale_Accumulator
rynm1x,90,0x72bb99200a89e608658a9032aad5aef6a41dd46f,3.5284,75.0,75.0,0.0,22,68,6062853.64,0.0,0.0,25919,0.85,1.7918,1.0,Multichain_Syndicate
0xAA_Science,91,0x8d5624fa29526c879a1ca7560961e4c5a08089ae,0.0,31.82,40.0,0.0,89,399,12047991.3,0.0,0.0201,181973,0.85,1.7918,1.0,Multichain_Syndicate
fengsuns,92,0xadf86e5f9216febddee08cc9dcf6574aa0b63506,0.0,0.0,0.0,0.0,0,86,9130588.4,0.0,0.0,2006,0.85,0.0102,1.0,Base_Whale_Accumulator
ohzarke,93,0x07cdaf0140c60a0c34681065abf49bb8d85b8cbe,5.4798,43.82,20.0,0.0,4492,2000,2361532.7,0.0005,0.0005,21889,0.85,1.7918,1.0,Base_Whale_Accumulator
xuxubaobao0819,94,0x9cd581ff7804f5f3caf35f55d3cf73fbf42f0072,1.1602,100.0,100.0,0.0,3,1,122.0,0.0,0.0,6688,0.85,0.023,1.0,Base_DEX_Scalper
shenshou888,95,0x77e5efcf4d14f6136242dc2f5618d1854761deef,2.2691,75.0,75.0,0.0,16,82,9021988.22,0.0,0.0,17256,0.85,0.0256,1.0,Base_Whale_Accumulator
HeyNat,96,0xb0bf6f6fd3c8bd194d94d39a41fcb99fdffb5273,0.0,2.7,0.0,0.0,71,552,17307866.7,0.0,0.0018,20792,0.85,0.3088,1.0,Base_Whale_Accumulator
0x21a50e77,97,0x21a50e77f350dccf33d08d2011501c64ad161028,4.4182,43.81,50.0,0.0,693,520,10514871.55,0.0058,0.0192,32,0.85,1.7918,1.0,Base_Whale_Accumulator
Dodseven77,98,0x49b3e70dfc8b18654f5335532c17406794ac5ddd,4.6099,35.06,40.0,0.0,6723,2000,1196821.46,0.0,0.004,2723,0.85,0.0012,1.0,Base_Whale_Accumulator
0xrahaa,99,0x092f8963e749910e23c2fc71d887538fcef9ca19,0.0,21.05,25.0,0.0,121,401,6002064.65,0.0,0.0025,13258,0.85,0.1422,1.0,Base_Whale_Accumulator
kristophgalland,100,0xb3397a6feedff2b9fce9ca1086cb1bdd617c16bf,4.8295,29.94,36.67,42.86,1009,1262,8650827.62,0.0048,0.019,17432,0.85,0.0174,1.0,Base_Whale_Accumulator
DeeZe,1,0xf5d4a3b9fb77d1d5600a10e0e1c4efd12f9be751,5.6946,33.33,50.0,50.0,22,22,1795239.42,0.0,0.0,275132,0.85,0.7972,1.5,Robinhood_Whale_Accumulator
notfrydoteth,2,0x311ef08626709a0de3aa84d396437773340e022d,5.0543,50.0,50.0,50.0,7,11,600500.45,0.0,0.0,15178,0.85,0.3254,1.5,Robinhood_Whale_Accumulator
Giann2K,3,0x4b10707123c79f6e99be486dcd95d60323988d76,5.1834,51.6,53.45,100.0,1557,1132,2814831.64,0.0035,0.0141,5052,0.85,1.7918,1.0,Multichain_Syndicate
OGDfarmer,4,0xd611a3350321558bda7d15da88e4b74eaf4c8986,5.0853,50.0,66.67,50.0,188,192,4804963.12,0.0104,0.0,129235,0.85,1.2005,1.0,Robinhood_Whale_Accumulator
Beautrj,5,0x05c17ffad91bbd8e07bb896c15b792e073686183,5.2633,50.99,56.52,58.82,3362,1683,853858.19,0.0048,0.0244,1337,0.85,1.7918,1.0,Multichain_Syndicate
panzonhl,6,0xf907877022b1e61232aca00661d6fb629b356d4c,5.0497,59.6,60.29,58.97,18002,2000,623837.64,0.0015,0.016,2509,0.25,1.7918,1.0,Robinhood_Whale_Accumulator
0xff335b2c,7,0xff335b2c27f66910e67808382de6a1fd2389321d,4.6307,14.37,13.42,32.0,6295,2000,219210.51,0.005,0.107,93,0.25,0.0878,1.0,Robinhood_Whale_Accumulator
CryptoCharming,8,0xcc291dcd83bd9f2600cca4d65ae3b724eaf4f5a9,4.2367,88.24,88.24,66.67,84,183,1260853.21,0.0,0.0,21407,0.85,1.7918,2.0,Multichain_Syndicate
0xfd410253,9,0xfd4102531f9a20101a9f7e42c76c253362c710c8,5.3711,47.04,44.68,42.86,8276,1215,461604.8,0.0041,0.0173,375,0.85,1.7918,3.0,Multichain_Syndicate
poopshakes,10,0x996a8f421435cf1f4e20f593facc87b18f1b95bd,3.8912,23.08,50.0,100.0,79,140,3467926.07,0.0071,0.0429,249,0.85,1.7918,1.0,Multichain_Syndicate
0x6e5823a9,11,0x6e5823a9f398549158ad3769b99f1fcb541038b4,5.5162,72.49,76.0,75.0,5431,895,1856009.44,0.0034,0.0067,598,0.85,1.7918,1.0,Multichain_Syndicate
Cady_btc,12,0x7db1a182cddee6ea0483aead72efe945e11cc873,4.0868,41.43,50.23,41.67,2347,1480,1341614.68,0.002,0.0054,6087,0.25,1.7918,1.0,Robinhood_Whale_Accumulator
MageArez,13,0xecb7208b4eba833001e0766f036fe5e8e7657039,4.7014,41.11,38.36,40.0,6058,1637,1616673.4,0.0006,0.0568,18177,0.25,1.7918,1.0,Multichain_Syndicate
shenron__1,14,0xeeefff8ce2710fa490e0fcb794235e873c252d2e,5.4831,40.02,37.92,22.58,13097,2000,167903.39,0.0025,0.0095,2247,0.85,1.7918,3.0,Multichain_Syndicate
Lkun_web3,15,0x66666b6f617e5e89e0eaf2859f1020db2c08aabb,3.7544,40.28,34.78,100.0,1899,572,1506455.83,0.0035,0.0962,171,0.85,0.0234,2.0,Robinhood_Whale_Accumulator
ashtoshii,16,0x76ea831e2a1e4116406509f3c1f403b7bf935849,3.923,34.65,33.97,66.67,1088,602,1042071.65,0.0017,0.1213,33853,0.25,1.7918,1.0,Multichain_Syndicate
mr_petisui,17,0x60ae9123642f9387e4c6d4ef07ebe086bcfb0aa5,4.0834,34.21,32.15,32.5,20107,2000,136266.97,0.0,0.0025,292,0.85,1.7918,1.0,Robinhood_Whale_Accumulator
sweet919268,18,0xc58686fedf9504576fc06199ebca62cee00750b3,3.0398,75.0,66.67,100.0,48,55,2443490.25,0.0,0.0182,26711,0.85,1.7918,1.5,Robinhood_Whale_Accumulator
0x491822b9,19,0x491822b9c505fd30c569c7b8aff0a9c1788e24c5,4.936,51.89,53.09,40.0,3071,741,401030.39,0.0,0.0337,96,0.85,1.7918,1.0,Multichain_Syndicate
LuxkyVN,20,0x6afb06fc5a0dae2a86b96088338236d02f999999,3.5148,26.44,14.29,25.0,894,208,2285450.15,0.0,0.0144,15581,0.85,0.0,1.0,Robinhood_Whale_Accumulator
collet9094,21,0xcc5ecdfc4f4b81e3363e6417031a4e3e3186a2f5,4.3418,51.7,62.16,50.0,1147,652,3510290.28,0.0015,0.0169,43829,0.85,1.7918,1.0,Multichain_Syndicate
NeoCallss,22,0xe28601398a5448d1147e6e8b0e0c6d686f0d216d,5.3574,54.63,53.12,55.56,13046,2000,1512701.29,0.004,0.0275,28825,0.25,1.7918,1.0,Multichain_Syndicate
CoCoCookerr,23,0x5250dbcf6ac11c4c2cbd8dcaf5a6d019f3268ea8,4.6128,34.61,30.18,100.0,4194,2000,2052792.36,0.0035,0.0255,8086,0.25,1.7918,1.0,Multichain_Syndicate
HunterOnlyETH,24,0x7a2363a401b2340c7941dd2eeff0196a5078d2e6,5.5301,61.36,60.8,57.14,12101,2000,1246928.89,0.0045,0.028,32899,0.25,1.7918,1.0,Multichain_Syndicate
0xossalivan,25,0xf38ce55fe4e517e77e1056a54e64f22d43d88c3a,4.871,31.69,38.04,32.35,16019,2000,146393.97,0.0025,0.0285,108,0.25,1.7918,1.5,Multichain_Syndicate
alkuap,26,0x1df3160f73fd6c1bec394c51fc20b7b2a91d6330,4.2493,43.44,34.83,32.35,5558,2000,1237895.08,0.001,0.018,2823,0.85,1.7918,1.0,Robinhood_Whale_Accumulator
Hankusun,27,0x5bce90b1eae5af116780b216e5f798b2d4ce08ef,0.0,5.26,33.33,100.0,80,33,1796419.91,0.0,0.3333,80374,0.25,1.7918,1.0,Robinhood_Whale_Accumulator
0x7649a32e,28,0x7649a32e792d2b59d3d616fef17700ec70e27d1a,4.709,53.29,58.33,75.0,1763,1830,1728617.69,0.0011,0.023,1057,0.25,1.7918,1.0,Multichain_Syndicate
0xmarcheria,29,0x0ec2c400b9db045bab16996cd25d64a05be48752,4.8314,54.03,60.87,80.0,2841,1307,2058999.21,0.0077,0.0298,28,0.25,1.7918,1.25,Multichain_Syndicate
rob02643673_rob,30,0x2ce9d43d1cba6ae31d7f07bfe0098dfa2d833373,4.9019,58.72,55.37,33.33,3091,1862,2425265.41,0.0054,0.0317,15813,0.25,1.7918,1.0,Multichain_Syndicate
0x1c22ad9c,31,0x1c22ad9c05b7c2b805bffbd93c78178dc69a9444,4.0716,52.6,50.0,100.0,929,303,1314192.85,0.0,0.0297,114,0.85,1.7918,1.0,Multichain_Syndicate
0xf672ce59,32,0xf672ce59fafd2a173d275abc626087b1eae874a2,4.7147,61.68,64.42,77.78,3507,1800,1478914.22,0.0083,0.0111,2678,0.85,1.7918,1.0,Multichain_Syndicate
kurtzxx,33,0xf78b066050e00fdb9b980e265aa9f317ef4b947c,5.1037,71.83,78.15,100.0,1255,1131,2603557.96,0.0071,0.0141,127837,0.85,1.7918,1.0,Multichain_Syndicate
Saint_pablo123,34,0x9631335762e3603d2a7507d84838aa3236d52745,5.2358,32.86,35.58,100.0,4848,1640,1427898.45,0.0037,0.0598,26837,0.85,1.7918,1.0,Multichain_Syndicate
0x9f191441,35,0x9f1914410af972a5c54e3707e64caae5c3b5b990,3.923,42.71,43.29,62.5,1081,483,378766.42,0.0,0.0166,118,0.85,1.7918,1.0,Robinhood_Whale_Accumulator
toptickcrypto,36,0x2fcc020f72e5d2edd2a24d04f3dc90d7fdfbd1dd,3.6787,31.11,37.04,33.33,229,126,998424.9,0.0079,0.1349,18683,0.85,0.1668,1.0,Robinhood_Whale_Accumulator
0x49f91579,37,0x49f91579477f2e55a28560e1cb5ea07a921bc616,4.8911,53.33,76.06,100.0,1668,379,378454.75,0.0132,0.0686,146,0.85,1.7918,1.0,Multichain_Syndicate
0x81d20b2c,38,0x81d20b2c34d37e406659a80008723b4ea815717d,4.7177,61.66,66.67,66.67,3563,1826,1434120.32,0.0082,0.0093,1900,0.85,1.7918,1.0,Multichain_Syndicate
0xb4e271c9,39,0xb4e271c9fd815d7d71e385f4f0ce59813cbf7d0f,4.1293,41.86,41.18,54.55,6294,2000,476220.3,0.0015,0.009,88,0.85,1.7918,1.0,Robinhood_Whale_Accumulator
beijingdou,40,0xaf469c4a0914938e6149cf621c54fb4b1ec0c202,2.5403,66.67,75.0,71.43,32,105,3572129.82,0.0,0.0095,138060,0.85,0.1064,1.0,Robinhood_Whale_Accumulator
Megga,41,0x8670a54764108f7b215cc64eed143edccc8cdc90,4.5405,38.6,33.17,100.0,4452,1707,1344322.81,0.0023,0.0533,566467,0.85,1.7918,1.0,Multichain_Syndicate
0x5671931e,42,0x5671931edf52097bee96b8d791b3cb4d06510da4,4.2269,48.81,47.58,57.14,3414,1352,247046.38,0.0,0.0163,34,0.85,1.7918,1.0,Multichain_Syndicate
0x09937da7,43,0x09937da7cb8ea8f7779183605bde2b019b1352d4,4.2928,45.52,50.39,50.0,2319,947,129661.34,0.0011,0.0158,525,0.85,1.7918,1.0,Robinhood_Whale_Accumulator
s1mple_s1mple,44,0x00241901735b6fd9a8c7e2a0448ee09d01cd767e,2.6591,30.43,30.43,33.33,67,135,1924126.14,0.0,0.0074,11282,0.85,1.7918,1.0,Robinhood_Whale_Accumulator
that_techieboy,45,0xc19ec062da833a411959799b3e3c32abefcb0285,1.8369,100.0,100.0,100.0,8,21,144093.38,0.0,0.0,6867,0.85,0.0045,1.0,Robinhood_Whale_Accumulator
TurtleTavernTV,46,0x664d6645a04be9e27a8b33088f85025f29d45dc1,4.6823,55.27,55.26,60.0,2139,1199,1897991.35,0.0067,0.0334,27956,0.85,1.7918,1.0,Multichain_Syndicate
0x09534d56,47,0x09534d56a013ef3c4f9de4e082869c109463b9e0,4.2874,36.02,35.7,18.0,3612,962,220689.8,0.0042,0.0322,18,0.85,1.6182,1.0,Robinhood_Whale_Accumulator
sasamaru330,48,0xcfdd6cb5aea4c6da545efe9201bc8c3ae959aa79,1.1682,22.22,14.29,100.0,37,29,1644090.93,0.0,0.0345,7985,0.85,1.7918,1.0,Robinhood_Whale_Accumulator
technoviking46,49,0x3d06315c94ac30b6061c91caf748fc2db04a89f4,4.6018,72.7,66.3,100.0,918,1156,2552089.67,0.0061,0.0121,70631,0.85,1.7918,1.0,Multichain_Syndicate
0x4ccc4a92,50,0x4ccc4a922efdaf2179f651523a6c0c598c1216b0,4.591,54.95,51.38,33.33,2090,388,165977.62,0.0026,0.018,16,0.85,1.7918,1.0,Robinhood_Whale_Accumulator
hzjxhcyy,51,0x877af245c61289b24f0c619a4346cdbc68f1aaac,4.2599,42.91,46.67,100.0,4047,1541,2091567.8,0.0006,0.0149,3112,0.85,1.7918,1.0,Robinhood_Whale_Accumulator
silenth0dler,52,0x1247620ae3681c4038efedb17d4517e889860ced,1.414,100.0,100.0,100.0,5,31,2327741.84,0.0,0.0,8924,0.85,0.4677,1.0,Robinhood_Whale_Accumulator
0xblackchip,53,0xacd0cea3607626a6198bbb50718eb84ee7e5799d,3.1282,75.0,100.0,100.0,7,240,5383862.82,0.0,0.0,7489,0.85,1.2411,1.0,Robinhood_Whale_Accumulator
pheromones_sol,54,0x4a30496554ef401e4b687189f7df6efe4b3e0249,4.6593,47.8,41.59,46.03,13633,2000,213942.71,0.0005,0.055,12152,0.85,1.7918,1.0,Multichain_Syndicate
Brian_Degens,55,0xe475cd3f0d0a77ec581bb6540abef60b0f3f0d57,4.4241,37.69,30.23,100.0,808,669,2663970.29,0.009,0.0224,12663,0.85,1.7918,1.0,Multichain_Syndicate
JMchemax,56,0x07e1a6b52085b99fd955988c18f205130afb53ea,3.9635,49.83,49.81,50.0,3450,792,560103.52,0.0,0.0051,403,0.85,0.6352,1.0,Robinhood_Whale_Accumulator
jurbo_eth,57,0x70ad955d5f34991e81dad7ce2bbe418f8d5edc07,1.5135,16.0,25.0,100.0,105,192,3954918.48,0.0,0.0,762,0.85,0.0191,1.0,Robinhood_Whale_Accumulator
paralog1,58,0x5c14c517991c2bd72c3495efed8c9aefdbd8b8e1,3.1764,37.5,33.33,100.0,36,22,2292505.18,0.0,0.0,40660,0.85,1.7918,1.0,Robinhood_Whale_Accumulator
jusCarl0s,59,0x3b3b9c3012759c7210e1b22e5d55912c8101cb40,4.8603,37.79,43.43,27.27,3358,1639,629881.1,0.0037,0.039,240,0.85,1.7918,1.0,Multichain_Syndicate
waytoodrill,60,0xcaecd42e2c19d0ebac5958bed8316107c7001224,4.6588,46.19,55.81,100.0,1331,486,352526.08,0.0062,0.0432,32,0.85,1.7918,1.0,Multichain_Syndicate
technoviking46,61,0x683035da6b84ce48421534c1d3d160a8487cb9bb,4.4074,67.2,62.5,66.67,844,874,2914647.7,0.008,0.0137,70631,0.85,1.7918,1.0,Multichain_Syndicate
Oxxyy13,62,0x8d7bbfa0506ea95c73d864310818acc3e5fa05d9,3.8467,24.52,43.9,30.0,713,842,4276167.47,0.0012,0.0855,6373,0.85,1.7918,1.0,Robinhood_Whale_Accumulator
stinkypoofart_,63,0xe465f5fe06e79bdc4e0add8546eca2368d1a0fd0,4.9786,46.17,44.99,33.33,3366,1662,639471.43,0.0054,0.0331,62,0.85,1.7918,1.0,Multichain_Syndicate
naohu_labs,64,0x8c041fc873c77eb8b7c1e3a3e622cbdec68ae376,0.0,0.0,0.0,0.0,0,0,0.0,0.0,0.0,5265,0.85,0.0,1.0,Robinhood_DEX_Scalper
sweetman_eth,65,0xcfbf34d385ea2d5eb947063b67ea226dcda3dc38,0.0,0.0,0.0,0.0,0,1,533772.0,0.0,0.0,7489,0.85,0.0,1.0,Robinhood_Whale_Accumulator
0x6eb1d5f5,66,0x6eb1d5f54b793960b266ae2cbd79885d55e3b857,3.9122,42.45,51.22,0.0,393,210,870162.0,0.0095,0.0524,1773,0.85,0.1294,1.0,Robinhood_Whale_Accumulator
0x67ee81e9,67,0x67ee81e92a6e677533b0335fb9be21873d8aca78,4.5765,68.14,63.16,0.0,1156,263,196059.92,0.0,0.0228,147,0.85,0.0697,1.0,Robinhood_Whale_Accumulator
888upupup,68,0x94cf7ed19901eb7d487c779e6d1baa87157b2d01,4.3578,63.87,84.78,0.0,4044,1526,1588676.64,0.0026,0.0039,1536,0.85,1.7918,1.0,Multichain_Syndicate
0x5f10d6ac,69,0x5f10d6acfddf046a78f15735e6f188ab69140d88,4.306,70.09,72.97,0.0,640,143,546389.55,0.0,0.014,96,0.85,0.0001,1.0,Robinhood_Whale_Accumulator
cobie,70,0x663b91628674846e8d1cbb779efc8202d86284e2,0.0,0.0,0.0,0.0,0,136,5641337.16,0.0,0.0,1252553,0.85,0.0,1.0,Robinhood_Whale_Accumulator
giocki,71,0x5b0e0d7905e2fbc008ff2836c0a0ffd815c9c9fd,3.8153,35.95,50.0,0.0,2601,873,1467126.51,0.0,0.0298,68537,0.85,0.0415,1.0,Robinhood_Whale_Accumulator
feng188666,72,0xf7ff38f74c8a5b4750e5f65ae74c924a441b7b90,0.0,32.65,50.0,0.0,171,272,4969725.71,0.0,0.0221,13249,0.85,1.7918,1.0,Robinhood_Whale_Accumulator
0x8c89f3ef,73,0x8c89f3efaac0fb48d14e5b82912fb5e418dd3709,5.1601,54.99,46.67,0.0,2949,607,349091.23,0.0082,0.0857,647,0.85,1.7918,1.0,Multichain_Syndicate
0xdd0596f0,74,0xdd0596f04cf6a936b22f0592c126b5abd5aa747e,4.0081,59.95,57.69,0.0,1510,461,485650.28,0.0,0.0022,19,0.85,0.0001,1.0,Robinhood_Whale_Accumulator
yztc123,75,0xa11e739adf417ffe34e1eba75df2031499192b66,0.0,29.13,100.0,0.0,285,270,3934154.67,0.0,0.0963,9292,0.85,0.0233,1.0,Robinhood_Whale_Accumulator
rxraras,76,0x6baaaf2082816d59c712b7061ec2209f337cecba,5.707,61.69,58.33,0.0,6319,852,311557.15,0.0047,0.0446,290,0.85,0.0007,1.0,Robinhood_Whale_Accumulator
0xcb23efc0,77,0xcb23efc07b272ea306c5bee25b0b8665e00728d8,3.5825,37.16,50.0,0.0,1341,348,1124487.96,0.0,0.046,76,0.85,1.7918,1.0,Robinhood_Whale_Accumulator
RajBunty_007,78,0xddfa323ea6e88757da00758bb68911fa3c3edf23,0.0,0.0,0.0,0.0,0,0,0.0,0.0,0.0,8782,0.85,0.0,1.0,Robinhood_DEX_Scalper
tianyi88888888,79,0x2948ebe47277da144a86f43f2b48981c8ff72a3e,1.9573,50.0,66.67,0.0,21,123,2964983.75,0.0,0.0081,4811,0.85,1.7918,1.0,Robinhood_Whale_Accumulator
0xAA_Science,80,0x3317ad9eda6942b5a7be5ba83346c0ea82c3c26c,0.0,0.0,0.0,0.0,0,107,6061312.53,0.0,0.0,181973,0.85,0.0,1.0,Robinhood_Whale_Accumulator
0x4755f5d0,81,0x4755f5d0175b51449b8e6076f874d0e1adf7e8b1,0.0,23.08,100.0,0.0,129,219,5004672.62,0.0,0.0183,44,0.85,0.0263,1.0,Robinhood_Whale_Accumulator
shibaxiaogege,82,0xa906e7b6c916af437fb81ca312390e9850c3e27a,4.2004,33.33,33.33,0.0,60,93,1413101.45,0.0,0.0108,6385,0.85,1.7918,1.0,Multichain_Syndicate
zhupi_eth,83,0x3a8f9f86b0a23185853d70472b0068220d9b44db,3.3637,43.27,60.53,0.0,333,131,775511.19,0.0,0.0763,20415,0.85,0.0028,1.0,Robinhood_Whale_Accumulator
00xhwin,84,0x7852346c77b3a622fa73607ee35cc784e53f326b,3.9204,36.02,53.85,0.0,1342,847,2578752.99,0.0012,0.0567,2581,0.85,0.0175,1.0,Robinhood_Whale_Accumulator
ignHail,85,0x07e8db253624b1cafaf576c54e84ceea2c50fa4a,2.4518,75.0,100.0,0.0,11,43,5655783.65,0.0,0.0,2970,0.85,1.7918,1.0,Robinhood_Whale_Accumulator
snackyfn,86,0xf10ba5ab6d29818d387b5af3faf8e10502754988,4.3041,29.71,33.33,0.0,1400,633,3422159.83,0.0,0.0269,5084,0.85,0.0235,1.0,Robinhood_Whale_Accumulator
Crypto4bailout,87,0xb15913e760de47ec2c8484505e4c745ebedc9934,0.0,0.0,0.0,0.0,0,136,6173301.37,0.0,0.0,134091,0.85,0.0,1.0,Robinhood_Whale_Accumulator
0xweiqigaoshou,88,0xe16da211c7d873765592e5e452649097461f6ab5,2.8712,14.29,14.29,0.0,20,24,795602.96,0.0,0.0417,24021,0.85,1.7918,1.0,Robinhood_Whale_Accumulator
Tetranode,89,0x69c509e9765c49cc6b9b4568b90aa47b89f4992f,0.0,0.0,0.0,0.0,0,4,6365449.25,0.0,0.0,172653,0.85,0.0,1.0,Robinhood_Whale_Accumulator
milesjnixon,90,0x2f47ca870e6febbd7cd9b7fdbe1d76467709a085,2.7745,45.14,66.67,0.0,748,392,1862316.09,0.0,0.0306,1081,0.85,1.7918,1.0,Robinhood_Whale_Accumulator
roger73005305,91,0x4c10ad2e6b0e7bc7e76fbdaaf768eca1838dcd8d,0.0,0.0,0.0,0.0,0,136,5641339.16,0.0,0.0,69266,0.85,0.0,1.0,Robinhood_Whale_Accumulator
IglooMediaBase,92,0xee6629d668fd86d1d3533c49d1a4ddfe6b8dbb45,0.0,0.0,0.0,0.0,0,109,6168393.16,0.0,0.0,5029,0.85,0.0,1.0,Robinhood_Whale_Accumulator
Aomake70,93,0xca1a2fb7f3179d887504966b25d1606978adcd42,5.3597,52.79,62.29,0.0,8783,2000,1062593.97,0.0035,0.036,5664,0.85,0.0013,1.0,Robinhood_Whale_Accumulator
PolskaCebula,94,0xaf82a3e8cd907687f717eb93c76865ae94e091f9,3.3273,50.0,50.0,0.0,35,88,4609392.89,0.0,0.0,44524,0.85,0.1755,1.0,Robinhood_Whale_Accumulator
0xefea7681,95,0xefea76816fa19ebc79789aad62ba8dc6e33b9e0a,4.3077,59.52,59.52,0.0,829,333,269164.59,0.006,0.015,57,0.85,0.0102,1.0,Robinhood_Whale_Accumulator
0xe678389d,96,0xe678389dc1859ddecdaa94809a32c99e125bb594,3.9257,49.31,33.33,0.0,3015,764,238487.07,0.0,0.0209,16,0.85,0.0102,1.0,Robinhood_Whale_Accumulator
0xe055ea57,97,0xe055ea577de3999bd726d1fa14d6ac1568afea1f,4.7028,41.87,32.0,0.0,4961,1884,234126.62,0.0138,0.086,88,0.85,1.7918,1.0,Multichain_Syndicate
0x160d6dfe,98,0x160d6dfe7434e8c928a013feded40633f2242211,0.0,23.68,100.0,100.0,126,250,4993770.0,0.0,0.012,40,0.85,0.0229,1.0,Robinhood_Whale_Accumulator
boredboomer_eth,99,0xb7f7f6c52f2e2fdb1963eab30438024864c313f6,0.0,0.0,0.0,0.0,0,105,5681425.6,0.0,0.0,15732,0.85,0.0,1.0,Robinhood_Whale_Accumulator
0xa14a3eb8,100,0xa14a3eb89c0ffc8cecdf5b47a48d00e30419ce66,4.6062,54.41,68.18,0.0,526,359,3108504.8,0.0,0.0167,164,0.85,1.7918,1.0,Multichain_Syndicate
JackieTian7,1,0xcf2b7c6bc98bfe0d6138a25a3b6162b51f75e05d,5.3551,32.76,30.77,22.22,935,488,6641836.26,0.0082,0.0369,2333,0.25,1.7918,1.2,Multichain_Syndicate
0x51f9d44c,2,0x51f9d44c65e8da6bce596092dc0d41d07d97968c,5.6682,48.98,60.0,61.11,18141,183,6029353.38,0.0,0.0,55,0.25,1.7918,1.14,Ethereum_Whale_Accumulator
0x55f34221,3,0x55f3422138e9fed0bd81351bff66c882550002e8,4.7318,38.02,41.46,66.67,583,283,1730637.85,0.0141,0.1237,2355,0.25,1.7918,1.67,Multichain_Syndicate
panzonhl,4,0xf907877022b1e61232aca00661d6fb629b356d4c,4.6441,35.19,44.04,46.31,2017,752,449976.48,0.0066,0.0253,2509,0.25,1.7918,1.0,Ethereum_Whale_Accumulator
jTRIzPyo5nApJmo,5,0xfcdfda023f727dafa35e8ee2715bcd7411c86b21,4.3801,17.06,6.67,28.57,511,372,4052624.73,0.0027,0.0161,711,0.25,0.7672,1.0,Ethereum_Whale_Accumulator
0x6bba7df6,6,0x6bba7df6971127cb15fd78fdebe33eeff5a6dd59,4.3036,47.06,33.33,100.0,208,76,1735883.31,0.0132,0.0526,2226,0.85,1.7918,1.0,Multichain_Syndicate
erichsu_eth,7,0x5865363bb04450ab313dcd2e71a189efb3c31e41,4.4193,18.75,18.75,22.22,97,46,1635176.54,0.0217,0.1522,9646,0.25,0.0,2.0,Ethereum_Whale_Accumulator
0xleet,8,0x62e5332dcb286f1753d245707c91a38821bb5645,4.5185,39.13,39.13,57.14,407,131,2019747.87,0.0229,0.0382,1550,0.25,1.7918,1.67,Multichain_Syndicate
0xcd211569,9,0xcd211569a108fdac74d729ba7358a743a3c2e08d,5.1073,55.43,70.59,83.33,959,310,3388930.59,0.0097,0.1032,884,0.25,1.7918,1.8,Multichain_Syndicate
0xc05ef5e1,10,0xc05ef5e1fd014267f66fa24b260f361af7d79122,5.3145,41.33,38.82,50.0,2445,829,723769.16,0.0084,0.0193,265,0.25,1.7918,1.67,Multichain_Syndicate
milady,11,0x023ab8e20a4682d315daef4c91db96bd77934d66,5.1088,39.69,37.5,33.33,6834,521,4557051.81,0.0019,0.0345,1048,0.25,0.516,1.33,Ethereum_Whale_Accumulator
shenron__1,12,0xeeefff8ce2710fa490e0fcb794235e873c252d2e,4.0733,22.18,18.9,18.1,815,301,1848803.06,0.0033,0.01,2247,0.85,1.7918,1.0,Multichain_Syndicate
NeoCallss,13,0xe28601398a5448d1147e6e8b0e0c6d686f0d216d,4.6532,47.23,45.35,52.63,1033,416,1315366.45,0.0048,0.0361,28825,0.25,1.7918,1.0,Multichain_Syndicate
0x07f190b1,14,0x07f190b1a5776d523a903253a3cf994ae34466bb,4.3422,33.95,26.67,23.08,810,315,1855691.54,0.0349,0.073,28,0.25,1.7918,2.25,Multichain_Syndicate
justinsuntron,15,0x176f3dab24a159341c0509bb36b833e7fdd0a132,7.4697,12.5,50.0,50.0,2,1124,6919430.37,0.0,0.0,4298123,0.25,1.7918,1.0,Multichain_Syndicate
0x5420ba3a,16,0x5420ba3a8b8bf5272a20fc24e308d622db304fc6,4.791,16.36,15.79,33.33,117,69,1435104.46,0.029,0.058,285,0.25,1.7918,1.0,Multichain_Syndicate
yodacalls,17,0x371903abb32f5f69b536b77495e92adedfea25da,4.4675,36.07,28.45,32.61,1803,632,1659626.65,0.0095,0.0823,7297,0.25,1.7918,1.6,Ethereum_Whale_Accumulator
SuperL9,18,0x7e8fb0392542812476d9f2d0d71c01d1fa0776c5,3.777,31.29,48.15,52.0,987,403,1569076.29,0.0149,0.201,40018,0.25,1.7918,1.33,Multichain_Syndicate
OlympusDAO,19,0xa8687a15d4be32cc8f0a8a7b9704a4c3993d9613,6.0388,100.0,100.0,100.0,0,20,5945257.5,0.0,0.0,125582,0.85,0.0,1.0,Ethereum_Whale_Accumulator
DaniWorldwide,20,0xbac453b9b7f53b35ac906b641925b2f5f2567a89,4.9968,30.0,50.0,57.14,664,187,1458539.06,0.0214,0.1711,22536,0.25,1.7918,2.25,Multichain_Syndicate
aa_AFeng,21,0xbf004bff64725914ee36d03b87d6965b0ced4903,5.6632,55.63,71.88,73.33,11177,2000,5020947.04,0.0015,0.0845,55484,0.25,1.7918,1.17,Multichain_Syndicate
Unipioneer,22,0x61fd0d043d519f5a2bd05785000f30db96809429,4.8894,31.18,55.56,100.0,614,764,7152656.19,0.0052,0.0144,53493,0.85,1.7918,3.0,Multichain_Syndicate
dev_enjoys,23,0x28aa4f9ffe21365473b64c161b566c3cdead0108,0.0,17.07,50.0,66.67,500,153,6878180.61,0.0,0.0196,4988,0.85,1.7364,1.0,Ethereum_Whale_Accumulator
0x40c20da8,24,0x40c20da8d0214a7ef33a84e287992858db744e6d,3.7334,7.69,100.0,100.0,16,84,7624129.75,0.0,0.0,7,0.25,1.7918,1.33,Ethereum_Whale_Accumulator
BMooon97_,25,0x5f9bc316d8473d8c6634bd26f3e0932cd6bf0718,0.0,42.11,33.33,100.0,58,36,3566660.11,0.0,0.1667,4546,0.25,1.7918,2.0,Multichain_Syndicate
XIGUA0903,26,0x3472ccf6209925204b9cf352171ee150904fda7e,4.159,44.34,45.1,41.46,350,116,125289.5,0.0,0.0517,6710,0.25,1.7918,1.25,Multichain_Syndicate
Zemrics,27,0x9dbfded199ee3a6b291c223e65f97d387156aada,4.6471,37.56,53.49,100.0,1180,480,1146123.31,0.0187,0.0833,9571,0.25,1.7918,2.0,Multichain_Syndicate
SlikkneSs,28,0xafba765e49a4545569e955f6c4baba12e427bf64,4.9442,53.45,38.64,46.67,956,718,1717289.28,0.0195,0.0167,16846,0.25,1.7918,1.0,Multichain_Syndicate
0xcce7222e,29,0xcce7222e9b9fec1ebf52d62a9da692b88090f30b,3.9125,45.03,40.28,45.83,281,164,285331.42,0.0122,0.0183,306,0.25,0.0004,1.5,Ethereum_Whale_Accumulator
0xbee242d3,30,0xbee242d3a94420551c65f5b16d9a1c918910cccd,5.2246,13.28,18.64,23.33,5450,707,8263542.92,0.0014,0.0071,19,0.25,1.7918,1.12,Multichain_Syndicate
LuffyCallz,31,0x8295935703d543a6db78b9eede2f67f7d43b8622,4.0381,33.82,36.36,47.06,602,249,1882255.76,0.012,0.0602,994,0.85,1.7918,1.0,Ethereum_Whale_Accumulator
0x0deaa831,32,0x0deaa831df697157d33928af09eee9a7f4d58d2b,4.9539,71.64,76.47,90.0,3629,492,697874.13,0.002,0.0061,28,0.85,1.7918,1.0,Multichain_Syndicate
0xossalivan,33,0xf38ce55fe4e517e77e1056a54e64f22d43d88c3a,2.9763,28.57,29.27,34.69,259,94,119500.72,0.0,0.0213,108,0.85,1.7918,1.0,Ethereum_Whale_Accumulator
0x04624c07,34,0x04624c07e901e977daf6611a4a6724a00b5eb994,4.4018,27.27,22.22,100.0,397,240,7617306.77,0.0208,0.1042,880,0.85,1.7918,1.0,Ethereum_Whale_Accumulator
Beautrj,35,0x05c17ffad91bbd8e07bb896c15b792e073686183,3.4684,31.25,42.86,42.86,29,21,1081538.93,0.0,0.0476,1337,0.85,1.7918,1.0,Multichain_Syndicate
ZephyrTrading,36,0xb2d1af0746c410e146272e804b1741f07f83b851,3.9066,42.7,50.0,71.43,307,103,545954.23,0.0,0.0485,11176,0.85,1.7918,1.0,Ethereum_Whale_Accumulator
0xd1f78f02,37,0xd1f78f0215c5f735b4f9627737c103898158afaa,2.9199,32.39,30.21,26.47,1394,562,1340340.38,0.0089,0.226,120,0.85,1.7918,1.0,Multichain_Syndicate
4IxAadDeA128491,38,0xcae4ccfe670f8c2a4999f9dfaf44625110fce9e5,3.5626,12.0,50.0,50.0,69,131,6580148.75,0.0,0.0,115,0.85,1.7166,1.0,Ethereum_Whale_Accumulator
0x636aa161,39,0x636aa161f4924a0dbce40413a99c896250bc87a7,3.8937,41.5,40.82,30.77,1177,382,785490.66,0.0,0.0445,120,0.85,1.7918,1.0,Ethereum_Whale_Accumulator
0x409185f3,40,0x409185f31188ba48414f104ca19993c009bc9e64,4.2189,37.83,32.61,31.58,862,386,1196334.15,0.0285,0.0777,64,0.85,1.6051,1.0,Ethereum_Whale_Accumulator
feibo03,41,0xe1e3252b8b2f9bf2a8335389ba8ee62e6ea29407,3.6412,23.4,23.4,25.0,120,142,610170.03,0.0,0.0282,42711,0.85,1.7918,1.0,Multichain_Syndicate
antpositions,42,0xa83b73f5644cde337b61da79589f10ea15548811,5.0895,40.54,40.54,36.36,5457,1385,1306800.68,0.0029,0.031,5497,0.85,1.7918,1.0,Multichain_Syndicate
0x9a9937d0,43,0x9a9937d0b41931a5ad0c9cfda9ca79b9a78bdad6,4.1316,43.32,46.51,48.89,713,308,785889.23,0.0065,0.0162,103,0.85,1.7918,1.0,Multichain_Syndicate
0x54632df3,44,0x54632df3db2f9203caeffe46dd9ae9360b1eb200,4.2924,32.75,62.5,50.0,705,315,1066590.4,0.0032,0.0095,70,0.85,1.7918,1.0,Multichain_Syndicate
delucinator,45,0x473d3a2005499301dc353afa9d0c9c5980b5188c,3.0965,16.92,9.38,33.33,627,433,3551853.98,0.0,0.0092,28384,0.85,1.1562,1.0,Ethereum_Whale_Accumulator
0xRell,46,0x3391a39a1b508e54a361924a26056c01c1c2c07d,4.3647,36.6,50.0,40.0,1575,352,1893510.74,0.0,0.0568,9747,0.85,1.7918,1.0,Ethereum_Whale_Accumulator
Able777C,47,0xf41f0813e3e8670eac65d781adc91cc54525ad68,3.3855,40.0,40.0,25.0,149,20,115180.6,0.0,0.05,3681,0.85,1.7918,1.0,Ethereum_Whale_Accumulator
Walkerrzxyz,48,0xcc7b0969e8f622d8435b4ba34a47d70788e87a92,3.0728,48.57,66.67,66.67,110,50,1626595.29,0.02,0.04,9881,0.85,1.7918,1.0,Multichain_Syndicate
Axel_bitblaze69,49,0xd2ef10da66727627c68bed148e881c923c1baa77,3.8682,11.29,62.5,66.67,103,162,3862959.0,0.0,0.0123,129652,0.85,0.3588,1.0,Ethereum_Whale_Accumulator
ShinraHQ_,50,0x150952108f28dcaf4e4542090e67cd2696563944,4.2186,39.24,43.42,39.29,647,281,869188.61,0.0178,0.0996,2749,0.85,1.7918,1.0,Multichain_Syndicate
0x1fb07574,51,0x1fb07574dc38c0d50703b2e85c010aebb23a745d,4.2512,41.11,22.58,28.57,744,300,1815099.35,0.0067,0.0867,1472,0.85,1.7918,1.0,Ethereum_Whale_Accumulator
baolingD,52,0xa5435a66362844782ff6503274e99345b43b934b,2.7722,28.57,28.57,40.0,13,7,158.0,0.0,0.0,18795,0.85,1.7918,1.0,Multichain_Syndicate
kurtzxx,53,0xf78b066050e00fdb9b980e265aa9f317ef4b947c,4.6962,35.0,60.0,66.67,59,50,2350785.24,0.0,0.02,127837,0.85,1.7918,1.0,Multichain_Syndicate
CupseyV,54,0x0f84d2da979180394fbf9c4499febd0f602a6767,4.3107,54.23,59.29,66.67,1856,607,475778.25,0.0,0.0099,4544,0.85,1.7197,1.0,Ethereum_Whale_Accumulator
HunterOnlyETH,55,0x7a2363a401b2340c7941dd2eeff0196a5078d2e6,5.0234,41.69,50.0,46.15,3384,1016,4879820.97,0.0,0.0531,32899,0.85,1.7918,1.0,Multichain_Syndicate
888upupup,56,0x94cf7ed19901eb7d487c779e6d1baa87157b2d01,2.9941,37.5,100.0,100.0,49,26,4654583.28,0.0385,0.0385,1536,0.85,1.7918,1.0,Ethereum_Whale_Accumulator
0xcc32727c,57,0xcc32727cb42740e6a4f0f9c8bf0eba584d9bd377,3.9736,36.84,56.25,33.33,336,145,1561014.11,0.0138,0.0552,752,0.85,1.7918,1.0,Multichain_Syndicate
Huang2024,58,0x629fe6d73d5ca48c1b5e4ef35bb7319080c4aba5,4.7657,40.0,50.0,0.0,16,11,1971710.18,0.0,0.0909,25425,0.85,0.1633,1.0,Ethereum_Whale_Accumulator
punk6995,59,0xdf2a8e398b97899ecda4db93bb00eee386338d3a,3.8539,54.84,100.0,100.0,90,36,2241986.78,0.0,0.0556,7836,0.85,1.7918,1.0,Ethereum_Whale_Accumulator
Gonz1495,60,0xb0a8ad238ac4cd4fff78080e77933ccefbf785e4,4.873,44.38,57.14,50.0,3518,1203,2790381.99,0.0116,0.1222,1279,0.85,1.7918,1.0,Ethereum_Whale_Accumulator
PEPE_Whale69,61,0x4fbbc9ef478f0eefe88ebd499a598d382cd2c94f,2.6262,66.67,66.67,66.67,7,5,281642.4,0.0,0.0,9719,0.85,1.7918,1.0,Ethereum_Whale_Accumulator
0x50664ede,62,0x50664ede715e131f584d3e7eaabd7818bb20a068,2.5672,20.22,50.0,50.0,456,409,3281019.79,0.0,0.0147,29,0.85,1.7918,1.0,Ethereum_Whale_Accumulator
0xad6eaa73,63,0xad6eaa735d9df3d7696fd03984379dae02ed8862,5.7671,26.67,30.77,25.0,0,404,10175561.83,0.0,0.0,42,0.85,0.4826,1.0,Ethereum_Whale_Accumulator
xuxubaobao0819,64,0x9cd581ff7804f5f3caf35f55d3cf73fbf42f0072,2.4308,100.0,100.0,100.0,3,1,504.0,0.0,0.0,6688,0.85,0.0245,1.0,Ethereum_DEX_Scalper
pe___lu,65,0x347ffc6db9acc54ac2019795173b9599e8b82bd9,5.516,67.83,36.84,41.67,6719,2000,1345000.19,0.0285,0.0125,2867,0.85,1.7918,1.0,Smart_Alpha_Runner
0x858a4293,66,0x858a4293a9aa59ea2577cc57999f9e3689c01c2a,3.8329,53.92,57.89,66.67,357,131,2415500.52,0.0076,0.0916,17,0.85,1.7918,1.0,Ethereum_Whale_Accumulator
0xad40395b,67,0xad40395bd7af5a13bb9040975e5f0caa754c0b00,4.8376,51.83,40.0,100.0,648,382,3402153.21,0.034,0.0419,281,0.85,1.7918,1.0,Multichain_Syndicate
277422149x,68,0x40e569e9b5458c89b4910f3ecfade0f650e92a40,2.6613,42.0,42.0,42.86,142,53,123222.84,0.0,0.0189,983,0.85,1.7918,1.0,Ethereum_Whale_Accumulator
0x12f775df,69,0x12f775df4d541853e51cc748096f7a4d2f861b75,0.0,23.4,50.0,33.33,561,138,1562613.41,0.0,0.2029,156,0.85,0.3238,1.0,Ethereum_Whale_Accumulator
0xc84248de,70,0xc84248de43b69297e56366a26c812146628aca16,3.7514,49.74,54.55,57.14,670,200,300812.37,0.0,0.01,1865,0.85,1.7918,1.0,Multichain_Syndicate
LidoFinance,71,0x3e40d73eb977dc6a537af587d48316fee66e9c8c,4.2874,50.0,0.0,0.0,0,63,11911132.0,0.0,0.0,228238,0.85,1.7918,1.0,Multichain_Syndicate
CryptoCharming,72,0xcc291dcd83bd9f2600cca4d65ae3b724eaf4f5a9,3.9293,100.0,100.0,100.0,36,29,1052497.93,0.0,0.0,21407,0.85,1.7918,1.0,Multichain_Syndicate
eggybug42069,73,0xbd6ebc277890dbf41283427f64b568906d5a96ec,4.9662,22.22,50.0,100.0,240,88,3369152.0,0.0114,0.1591,10257,0.85,0.2032,1.0,Ethereum_Whale_Accumulator
0xab4a8a52,74,0xab4a8a526d63af3ab39eb6f6b072ca12176c78d6,3.0275,38.89,36.84,0.0,158,81,1136048.44,0.0,0.0,108,0.85,1.7918,1.0,Ethereum_Whale_Accumulator
1d34h4z4rd,75,0xd33cbaad2d21810530351b86208d69ab6e184b40,4.7059,47.06,100.0,100.0,364,89,4835807.0,0.0337,0.0562,18411,0.85,0.3559,1.0,Ethereum_Whale_Accumulator
key_sero,76,0x4cb75146e98562c9d79b31649c6c739e4dcb7cd5,0.0,11.81,9.09,50.0,370,554,6732871.12,0.0,0.0235,5364,0.85,1.7918,1.0,Ethereum_Whale_Accumulator
0xa44db311,77,0xa44db311bf4401469d27f251b35928ddda047bf3,4.0605,40.43,46.15,50.0,1537,685,4530235.5,0.0131,0.1197,63,0.85,0.9946,1.0,Ethereum_Whale_Accumulator
zsf11221,78,0xe4ef584eb114335ad6deedf89d845527a06e1d28,0.0,23.53,50.0,50.0,102,36,4351762.86,0.0,0.1389,12124,0.85,0.1005,1.0,Ethereum_Whale_Accumulator
0xbc5e8874,79,0xbc5e88747673275d2c7e5dd9c1295a4d728dede6,1.7887,11.11,16.67,16.67,10,33,2880316.0,0.0,0.0,176,0.85,0.0565,1.0,Ethereum_Whale_Accumulator
0x591be26c,80,0x591be26c53aa3ed600c1c994ecbc2deb545bebb4,5.0844,60.52,0.0,0.0,1767,813,6077993.67,0.048,0.0726,346,0.85,0.4615,1.0,Ethereum_Whale_Accumulator
aboy_nuel,81,0xa41d7cca4f220c286cf1b6d408882aca4dd3130d,2.1201,22.73,100.0,100.0,35,73,6396295.62,0.0,0.0274,7137,0.85,0.0878,1.0,Ethereum_Whale_Accumulator
HeesMerced,82,0xa007ccf234d7e5306615035bba0d32b0f5d25bde,0.0,13.04,50.0,100.0,60,71,5347469.71,0.0,0.0423,5974,0.85,1.7918,1.0,Ethereum_Whale_Accumulator
Tma_420,83,0xdbd47f66aa2f00b3db03397f260ce9728298c495,3.0517,18.75,20.0,50.0,151,184,4426448.59,0.0,0.0109,62079,0.85,0.8866,1.0,Ethereum_Whale_Accumulator
thegreatola,84,0x33662e2a6f52348b8808903d948ad0456fd57b31,0.0,0.0,0.0,0.0,12,28,6791326.67,0.0,0.0,105522,0.85,1.1204,1.0,Ethereum_Whale_Accumulator
0x574793c2,85,0x574793c29e7013b985dfccf0e3639456769c8108,4.2576,30.3,33.68,50.0,2714,693,891337.97,0.0014,0.0548,115,0.85,0.0418,1.0,Ethereum_Whale_Accumulator
yaoyaogm,86,0xec82fa0b5956f0fe2c4ab4dd12b4514127787350,2.3781,17.54,40.0,100.0,184,109,3238140.84,0.0092,0.1101,20059,0.85,0.0035,1.0,Ethereum_Whale_Accumulator
CryptoMage_YT,87,0x1609f039a96ce10756f5c6d403a80400dc081a02,2.8452,19.05,0.0,0.0,38,49,6251839.4,0.0,0.0408,15272,0.85,0.9843,1.0,Ethereum_Whale_Accumulator
bizyugo,88,0x11d67fa925877813b744abc0917900c2b1d6eb81,5.2891,15.04,27.27,42.86,764,566,3426325.37,0.0,0.0247,74727,0.85,1.7918,1.0,Multichain_Syndicate
1CryptoMama,89,0xfbd2291b98e612a64c4f81e40657354743df3ef9,0.0,5.26,0.0,0.0,34,68,3227116.0,0.0,0.0,136997,0.85,0.3105,1.0,Ethereum_Whale_Accumulator
k2_nft,90,0xeae49a86f0ffb1a1ff0979a6ca4c0701b03c0f4c,2.7724,30.0,0.0,0.0,236,123,10918243.0,0.0,0.0081,50,0.85,1.7918,1.0,Multichain_Syndicate
0xe1962110,91,0xe19621107b963d6b69b55e4bfe2f124751b1143e,0.0,0.0,0.0,0.0,0,0,0.0,0.0,0.0,2,0.85,0.1557,1.0,Ethereum_DEX_Scalper
0xe7b31035,92,0xe7b31035db229b3cfc68a7a225df30b41ff1ec93,3.4292,29.73,34.62,0.0,681,87,178119.44,0.023,0.0115,8,0.85,0.0183,1.0,Ethereum_Whale_Accumulator
0xrap9,93,0xa1426c6f65fe804e05ce3c07a42412d735ef78bc,4.1036,38.6,100.0,0.0,620,176,1658689.49,0.0057,0.0284,2023,0.85,0.0213,1.0,Ethereum_Whale_Accumulator
bielzinn,94,0x0a907d90259efa012c06b3e4352851f4a125340a,1.5934,33.33,0.0,0.0,11,10,4265234.0,0.0,0.0,7323,0.85,0.0325,1.0,Ethereum_Whale_Accumulator
0x90a48d5c,95,0x90a48d5cf7343b08da12e067680b4c6dbfe551be,3.8223,50.0,100.0,100.0,0,387,7040301.68,0.0,0.0,14,0.85,1.7918,1.0,Multichain_Syndicate
New100xGems,96,0x78f210557fcd6663f162c75ed0d96108e42e4f9c,1.8794,100.0,100.0,100.0,23,10,3664069.0,0.0,0.0,18797,0.85,0.1208,1.0,Ethereum_Whale_Accumulator
cryptamurai,97,0x9b7d7c4ce98036c4d6f3d638a00e220e083116c7,0.0,4.65,100.0,100.0,183,114,5654550.67,0.0,0.0263,6684,0.85,0.0722,1.0,Ethereum_Whale_Accumulator
xingxingxing88,98,0x987bbfe6c2fa4841ccd0da669998b3ef25235cff,3.6596,40.74,42.86,0.0,1806,391,1195673.47,0.0,0.0179,746,0.85,0.0181,1.0,Ethereum_Whale_Accumulator
3azima85,99,0x9d156bc7c8768294510a4a41883d5a4eb15b15e3,5.0358,19.49,0.0,0.0,526,506,3240133.29,0.0059,0.1028,7606,0.85,0.0713,1.0,Ethereum_Whale_Accumulator
0x1f0fb5bd,100,0x1f0fb5bd8462ce044f34e77da6fb6891c81bae87,3.9526,42.71,42.11,0.0,597,221,1533415.58,0.0136,0.0271,102,0.85,0.1435,1.0,Ethereum_Whale_Accumulator
