trader_handle,symbol,token_address,chain,usd_value,portfolio_share_pct,co_holders_count
krybharat,DRV,0x9d0e8f5b25384c7310cb8c6ae32c8fbeb645d083,base,51643.69,0.0,3
krybharat,EDEL,0xfb31f85a8367210b2e4ed2360d2da9dc2d2ccc95,base,11561.89,0.0,1
0x606d2c43,IPOD,0xa6af0cea8fbc93e1eccc00f1fdd9a0bba251fee1,base,432.27,0.0,1
0x606d2c43,OMGSUP,0x35ce817c28e6351a7c41e2d15c6808586d8fb11a,base,239.71,0.0,1
0x606d2c43,LAPTOP,0xb095274743941e953c746f9c228da9c18bb6ec29,base,1204.53,0.0,2
0x606d2c43,POD,0xed664536023d8e4b1640c394777d34abaff1df8f,base,2699.38,0.0,1
0x606d2c43,MILK,0x6e0090dbecf3b4f0f9429637756cadd8fc468c54,base,0.0,0.0,1
Beautrj,KEYRING,0x9ee20304eb682081edf0d7e89fc3929c4ed3e336,base,695.23,0.0,2
Beautrj,BLOHARD,0xf8cd2835e9eb33c4b78cc5ceb7d602294eb99ba3,base,0.38,0.0,6
panzonhl,CREW,0x23fe273f935eb0f0c4f2f2b36f1db0c8533ca24e,base,242.5,0.0,1
panzonhl,TWEETCRAFT,0x4a0f01305a00f2d3f9d0eb8187bc45bba8d3bba3,base,1.27,0.0,1
panzonhl,BLOHARD,0xc5c3ed6117eada5430458d2b21095089ad11bba3,base,1.43,0.0,6
jeffthedunker,AERO,0x940181a94a35a4569e4529a3cdfb74e38fd98631,base,60.38,0.0,2
jeffthedunker,LAPTOP,0xb095274743941e953c746f9c228da9c18bb6ec29,base,350.07,0.0,2
fhn_gt,DRV,0x9d0e8f5b25384c7310cb8c6ae32c8fbeb645d083,base,10249.65,0.0,3
100y_eth,variableDebtBasUSDC,0x59dca05b6c26dbd64b5381374aaac5cd05644c28,base,0.0,0.0,1
100y_eth,cbBTC,0xcbb7c0000ab88b473b1f5afd9ef808440eed33bf,base,4986.67,0.0,3
100y_eth,UMIA,0x56ab53b77f07da3af732150e8aec4783eb5bba7d,base,5424.69,0.0,1
100y_eth,AERO,0x940181a94a35a4569e4529a3cdfb74e38fd98631,base,1440.82,0.0,2
100y_eth,DRV,0x9d0e8f5b25384c7310cb8c6ae32c8fbeb645d083,base,409.83,0.0,3
gheezfn,VVV,0xacfe6019ed1a7dc6f7b508c02d1b04ec88cc21bf,base,11.66,0.0,1
gheezfn,BLOHARD,0xf8cd2835e9eb33c4b78cc5ceb7d602294eb99ba3,base,0.25,0.0,6
0xf99583d3,WEI,0xd47bdd392def5eebd46a1d8ebb234d28a2087321,base,74.53,0.0,1
0xf99583d3,SI,0x0b123112f58bb11eb6c843e426d397d258f5e0e5,base,101.57,0.0,2
erichsu_eth,GITLAWB,0x5f980dcfc4c0fa3911554cf5ab288ed0eb13dba3,base,63.86,0.0,1
erichsu_eth,TWIG,0x6ac18bcf4ede02591d4917452700ea5eaaea13c1,base,319.3,0.0,1
erichsu_eth,MUSEWORLD,0x882c8e35504d58979b1280fe76d6553f717029f8,base,714.13,0.0,1
pe___lu,AMARA,0xb200000000000000000000f7e3f89c5f0c9a0e01,base,129.84,0.0,1
pe___lu,HANDLES,0xb2000000000000000000003d760a57f93078d901,base,67.55,0.0,1
alkuap,DBULL,0x685c168a8e14e75626a5bd8784827fc3a54f61be,base,111.35,0.0,1
alkuap,KEEL,0xd37259fac96b19263668b06455e08a7de5f1f41d,base,382.19,0.0,2
alkuap,INTERN,0xb200000000000000000000b1cffec52cbdd50a01,base,101.56,0.0,2
0xfd7e55a5,CRAWLER,0x535b0904333aa3265fbf90cbefc29448a1654ba3,base,0.73,0.0,1
0xfd7e55a5,BLOHARD,0xc5c3ed6117eada5430458d2b21095089ad11bba3,base,6.93,0.0,6
0xfd7e55a5,ICECREAM,0x2adab87730b9b3133767fc8ff5f24537b22e5a01,base,265.84,0.0,1
0xfd7e55a5,TKN247,0x474c853a5cec34ee4ae3ed3a60f2f81bf47b4101,base,260.58,0.0,1
0x98c43da6,Trenchors,0x3def25780ba11605b740888c30aaf00b01299401,base,587.64,0.0,2
0x98c43da6,ANALYZOOOR,0xb200000000000000000000a490a16c1823914c01,base,588.43,0.0,3
0x98c43da6,MAPL,0x386424628ffb21b3adea16260da791029851dba3,base,0.75,0.0,1
CupseyV,SI,0x0b123112f58bb11eb6c843e426d397d258f5e0e5,base,198.79,0.0,2
CupseyV,KEEL,0xd37259fac96b19263668b06455e08a7de5f1f41d,base,257.12,0.0,2
CupseyV,INTERN,0xb20000000000000000000049fe88f09436a8e501,base,285.79,0.0,2
CupseyV,ANALYZOOOR,0xb200000000000000000000a490a16c1823914c01,base,723.88,0.0,3
shenron__1,賀羽,0xd6ddb10e13991cbd336c462f98218dd71dc7ed01,base,245.54,0.0,1
shenron__1,Jez,0xced5c6fa898047269a0d632ce1155618e5547501,base,269.67,0.0,2
shenron__1,dwog,0x945421b1efad17e44100b8215470d4295ae4ae01,base,135.53,0.0,1
shenron__1,JEZ,0xe1c257b0a7c9e47aa079c98a2c7c6e4476888c01,base,511.63,0.0,2
0x59905d5d,GACHA,0xd5a09d20652b58872a2e0f302de6ad2326db3b84,base,282.4,0.0,1
0x59905d5d,SATO,0x40f1468f1d03413397c007fb22cdbe7525cb2ba3,base,1.13,0.0,1
0x59905d5d,BAES,0xa9f6d9eca1f803854a13cecad0f21d43e007db07,base,963.08,0.0,1
0xJyEth,CFT,0x3e7712cf29164432efc6ef0aa669c10b674efe43,base,416.2,0.0,1
0xJyEth,STONKFLY,0x9b83c2f3c1975bf4b6cc04f8d3f6bc1e98e38ba3,base,1142.45,0.0,1
technoviking46,TOSHI,0x1543c40c665813a7df31240f78aac6c585441501,base,659.79,0.0,2
technoviking46,AIAIAIAI,0xeeb306e87ff7257bbd34f46672d9a6d654de6a01,base,181.27,0.0,1
technoviking46,CASHDOG,0xb200000000000000000000c1d2725783e0258101,base,717.69,0.0,1
technoviking46,UNDERDOG,0xfbdd6537bfd6f0ea75140706286f48c9aa210ba3,base,0.34,0.0,1
whashywash,BLOHARD,0xf8cd2835e9eb33c4b78cc5ceb7d602294eb99ba3,base,2.18,0.0,6
whashywash,TT,0xb2000000000000000000009fa907b9ee019c4801,base,267.02,0.0,1
whashywash,AiFi,0xb20000000000000000000082020a3d274058fe01,base,265.69,0.0,1
NeoCallss,HIP,0x419678eca38411c051ec42166a434b9fda89bba3,base,3.31,0.0,1
frostyyy,ANALYZOOOR,0xb200000000000000000000a490a16c1823914c01,base,716.43,0.0,3
frostyyy,Duo,0xb200000000000000000000874f97ee8ebf639701,base,240.9,0.0,1
frostyyy,STOCK,0x30d0bdc3b62a19f9244172064e446cfc67007777,base,439.29,0.0,1
0xyukaz,Trenchors,0x3def25780ba11605b740888c30aaf00b01299401,base,732.89,0.0,2
0xyukaz,cats,0xb200000000000000000000b44efcd1ccbc24c801,base,651.95,0.0,1
0xyukaz,KEYRING,0x9ee20304eb682081edf0d7e89fc3929c4ed3e336,base,1413.89,0.0,2
0xyukaz,BLOHARD,0xf8cd2835e9eb33c4b78cc5ceb7d602294eb99ba3,base,3.78,0.0,6
0xyukaz,WAIFU,0xf3018d16d3c75f86df76bdeed12027c813f4e4a0,base,633.53,0.0,1
collet9094,TOSHI,0x1543c40c665813a7df31240f78aac6c585441501,base,155.96,0.0,2
gold_burger,JEZ,0xe1c257b0a7c9e47aa079c98a2c7c6e4476888c01,base,129.77,0.0,2
gold_burger,fastlane,0x27c97b9d686ca33ff40ba6526daa3dc35d083ba3,base,171.24,0.0,1
rcivNFT,SILKROAD,0x3cec64b00367343b1a67497be61e6f4d1b2fee3b,base,46.71,0.0,1
rcivNFT,CLAW,0xc0a3a4c7134cd9ee983473e1650cd27d2f8fcba3,base,112.89,0.0,1
rcivNFT,Ya’ll sold?!?!,0x64967458b94242e0fca18083e4671bbbba2e3213,base,231.96,0.0,1
rcivNFT,EVE,0xe7d192e52fa418236d6eecf7d5eb38da9dd11ba3,base,1182.74,0.0,1
rcivNFT,CONQUEST,0x42ba7fdb40086c0171df267b43c83cd464a89ba3,base,509.3,0.0,1
rcivNFT,CRYPT,0xaac102beeac8becb38ae4fe0a209c10fdce05ba3,base,221.69,0.0,1
teddi_speaks,BASEPAD,0xaeadc7084bc3c482921a8ad7eadc65f70e06106d,base,8.88,0.0,1
teddi_speaks,cbBTC,0xcbb7c0000ab88b473b1f5afd9ef808440eed33bf,base,2.76,0.0,3
teddi_speaks,ELON,0xa3d353743164972b37c8e5358fb1e76f0be8aba3,base,16.44,0.0,1
Rex416_NFT,stkAVNT,0xd546040f08e6b3a4f1d21683b9bd9935d73bd9e9,base,0.0,0.0,1
Rex416_NFT,MYST,0xdc46c1e93b71ff9209a0f8076a9951569dc35855,base,7.19,0.0,1
Rex416_NFT,toby,0xb8d98a102b0079b69ffbc760c8d857a31653e56e,base,7.07,0.0,1
Rex416_NFT,HYBUX,0xc0497fb3fc4fd0a17900cf69fc72a03799915301,base,468.95,0.0,1
Rex416_NFT,ZORA,0x1111111111166b7fe7bd91427724b487980afc69,base,13.57,0.0,1
0xa12fa237,WHUF,0xeeee77bc7e82c0d4166d52f58239d4c5bf41eeee,base,767.13,0.0,1
SmolHydra,NOCK,0x9b5e262cf9bb04869ab40b19af91d2dc85761722,base,36.86,0.0,1
SmolHydra,BOOBS,0xd08e74ccc28b31cc73e1c9c693ee8136cbede562,base,4.6,0.0,1
SmolHydra,cbBTC,0xcbb7c0000ab88b473b1f5afd9ef808440eed33bf,base,1040.15,0.0,3
