rank,handle,name,x_username,wallet_address,address_status,total_realized_profit_usd,primary_chain,sol_balance,eth_balance,robinhood_balance,arc_balance,monad_balance,trx_balance,active_chains_count,tags,realized_profit_all_usd,realized_profit_30d_usd,realized_profit_7d_usd,realized_profit_1d_usd,winrate_all_pct,winrate_30d_pct,winrate_7d_pct,winrate_1d_pct,volume_30d_usd,volume_7d_usd,volume_1d_usd,trades_count_all,trades_count_30d,trades_count_7d,buy_count_all,sell_count_all,tokens_traded_all,avg_holding_period_sec,pnl_gt_5x_count,pnl_2x_5x_count,pnl_lt_minus_dot5_count,fund_from_address,fund_tx_hash,fund_amount_sol,followers_x,archetype,hhi_concentration,chain_entropy,network_co_holding_score
1,krybharat,Bharat Krymo,krybharat,0x0871deb34bfd2052b1c10dc4f6c0912a2a47e927,unmasked,-521944.0,base,0.0201,0.0201,0.0201,0.0201,0.0201,0.0201,0,"['kol', 'fomo']",-521944.0,26869.23,44582.29,44582.29,25.33,25.0,50.0,50.0,206064.85,142309.06,73766.12,1076,12,5,565,511,917,13504795.77,1,0,2,0xcc9823abdf361031b4c93b3a73668e594f7b661f,0xd4e9a276e4d868367c9c9de9af7fa4d460d88b6d753c029d61d3f8708d70fc58,1.3467,123467,Base_Whale_Accumulator,0.85,0.4706,2.0
2,0x606d2c43,BASE_Trader_2,,0x606d2c436a07be40c276a6176bb1376c34e49ee9,unmasked,-153753408.91,base,3.8073,3.8073,3.8073,3.8073,3.8073,3.8073,6,['snipe_bot'],-153753408.91,10477.53,4764.8,0.0,23.22,31.25,100.0,100.0,24061.41,7775.71,0.0,1994,39,7,975,1019,2000,14290061.39,1,3,21,0xe06bc9a7dd986bdf6ab56049c9cdb48768dbfbc7,0x932439fc5159189993bd9e3cfe039f303f49b261b7d3382a77fed02b662818a3,0.0048,149,Multichain_Syndicate,0.25,1.7918,1.2
3,Beautrj,Beaut,Beautrj,0x05c17ffad91bbd8e07bb896c15b792e073686183,unmasked,165922.59,base,6.1647,6.1647,6.1647,6.1647,6.1647,6.1647,6,"['kol', 'gmgn']",165922.59,8180.79,3735.5,0.0,49.06,43.75,100.0,0.0,93846.49,16581.43,0.0,2213,151,37,923,1290,745,6744853.44,3,9,8,0x396b51c87639de2f5b4e71bd2325bd01a35a4db5,0xc503bc3eefeeadf58f453441500c562e9440eb8ceaa79619860a2ee53d650d61,0.02,1337,Multichain_Syndicate,0.85,1.7918,4.0
4,panzonhl,panz.hl,panzonhl,0xf907877022b1e61232aca00661d6fb629b356d4c,unmasked,80841.57,base,0.5491,0.5491,0.5491,0.5491,0.5491,0.5491,0,"['gmgn_go', 'kol', 'gmgn']",80841.57,6931.71,3411.95,0.0,40.93,42.22,60.0,0.0,41122.39,9592.67,0.0,8470,151,20,4556,3914,2000,3450361.19,0,3,7,0x8c826f795466e39acbff1bb4eeeb759609377ba1,0x08d0215dfe9ca84af79fc962695c055901ac81f568f15b4289f53a81eaf7ae25,0.1036,2509,Base_Whale_Accumulator,0.25,1.7918,2.67
5,jeffthedunker,GREEN JEFF,jeffthedunker,0x37a6156e4a6e8b60b2415af040546cf5e91699bd,unmasked,5902.81,base,0.0124,0.0124,0.0124,0.0124,0.0124,0.0124,0,['kol'],5902.81,2874.99,3082.74,3082.74,33.33,25.0,50.0,50.0,30888.92,0.0,0.0,91,21,0,37,54,549,11506210.31,0,0,0,0x8fdf5ffd5956834d157881173267f9e8a7275941,0x55c29669de1bacbf6b4134c0bd6cb790168690fda78b1f232c022dff9fe3e65d,0.0642,10264,Base_Whale_Accumulator,0.85,0.3274,2.0
6,fhn_gt,"fhn.gt (,)",fhn_gt,0xe5e9ffe707ee071998340972af6fb178f5c64ba6,unmasked,-671.24,base,0.024,0.024,0.024,0.024,0.024,0.024,0,['kol'],-671.24,2239.46,2222.7,159.98,47.06,33.33,50.0,50.0,69963.94,40117.02,12534.85,1361,22,14,891,470,2000,4796666.31,0,0,1,0xf70da97812cb96acdf810712aa562db8dfa3dbef,0x6ee73941877a4cdfd0d2a617c6034a1d163b879f216eb67f83674cbe4ed0e412,2.5,847,Base_Whale_Accumulator,0.85,0.5379,3.0
7,100y_eth,100y,100y_eth,0xb2f9bbc5db84a95b598cab0c464cf92d584d8900,unmasked,-1708.2,base,4.0794,4.0794,4.0794,4.0794,4.0794,4.0794,6,['kol'],-1708.2,1886.47,1822.81,0.0,31.25,33.33,50.0,0.0,16619.97,10411.36,0.0,220,11,2,85,135,465,12469715.96,0,0,1,0x08b00ceee2fb66029b53d76110b19eeaabfd1e65,0x88f84c2a7c200a49489f52db1d99789db3b8a2dfe26f4203de6b8bf73eff6ccc,0.049,20899,Multichain_Syndicate,0.25,1.7918,2.0
8,gheezfn,Gheez,gheezfn,0x5e8343066704cea8f254b637b3e4fc9be6ab318a,unmasked,4390.91,base,1.3784,1.3784,1.3784,1.3784,1.3784,1.3784,6,"['kol', 'gmgn_go', 'gmgn']",4390.91,1485.75,1637.31,0.0,37.04,33.33,50.0,0.0,4576.08,3114.97,0.0,146,21,19,33,113,263,6414464.62,0,2,0,0x3807771db053dae9ead980692b6ef85c9c10f0bd,0xd5f78c3cc317cd83b9f7e8d45b4f556a08e94da19160def12f8f31552d079e06,0.0049,7791,Multichain_Syndicate,0.85,1.7918,3.5
9,0xf99583d3,BASE_Trader_9,,0xf99583d39e0a967d45d7faf0b28235bf4623c268,unmasked,69777.02,base,0.9413,0.9413,0.9413,0.9413,0.9413,0.9413,0,"['snipe_bot', 'bluechip_owner']",69777.02,1740.49,1274.6,230.89,39.58,40.0,45.45,100.0,25416.63,4095.89,252.22,4740,211,28,2013,2727,2000,11523788.06,16,15,49,0xc69fddc31d2620dce0b9b8df16232d6c4027c847,0x4d1e63fa7a901f7a0ee64fe87c2dbb1f2da49465bda60dd268eed8f4e0e0d15f,0.0098,430,Base_Whale_Accumulator,0.85,1.7918,1.5
10,erichsu_eth,Erichsu.eth,erichsu_eth,0x5865363bb04450ab313dcd2e71a189efb3c31e41,unmasked,8044.17,base,0.0,0.0,0.0,0.0,0.0,0.0,0,"['kol', 'gmgn_go', 'fomo']",8044.17,1923.41,1255.94,0.0,27.91,39.13,100.0,0.0,14440.96,3547.3,0.0,333,88,11,73,260,2000,3595427.62,1,2,7,0xdce8f21fce964796ba522449664d72412db3f948,0x5f8956eef9a0dc45d7498d4b201026fb6efad88332e032e7d4948ef000903354,0.002,9646,Base_Whale_Accumulator,0.25,0.0,1.0
11,pe___lu,pedrolucio (humble arc ),pe___lu,0x347ffc6db9acc54ac2019795173b9599e8b82bd9,unmasked,215508.03,base,2.1934,2.1934,2.1934,2.1934,2.1934,2.1934,6,"['kol', 'fomo', 'gmgn_go', 'gmgn']",215508.03,4335.68,1226.86,-7.5,53.42,54.11,83.33,100.0,60447.67,4426.0,366.54,16574,711,62,8111,8463,2000,692161.25,0,1,0,0xfd2204757ab46355e60251386f823960acccefe7,,0.05,2867,Multichain_Syndicate,0.85,1.7918,1.0
12,alkuap,alkuuu | AP,alkuap,0x1df3160f73fd6c1bec394c51fc20b7b2a91d6330,unmasked,82059.89,base,0.506,0.506,0.506,0.506,0.506,0.506,0,"['kol', 'gmgn', 'gmgn_go', 'fomo']",82059.89,4850.97,1170.24,-6.34,43.38,38.98,34.62,33.33,104764.34,24913.47,225.4,11476,393,97,5290,6186,2000,674655.28,0,2,5,0xf961a9fbff8f1d9aebcf99035b9c32a219ad7fce,0xa44dd5a2062301c6240de0b43fe1b3061616318a334d4445663cc372eea16e12,0.11,2823,Base_Whale_Accumulator,0.25,1.7918,1.67
13,0xfd7e55a5,BASE_Trader_13,,0xfd7e55a555555c2f25053a38ec744de1afea4fa4,unmasked,190148.68,base,1.4349,1.4349,1.4349,1.4349,1.4349,1.4349,6,"['snipe_bot', 'gmgn_go', 'smart_degen', 'gmgn']",190148.68,2023.13,1082.21,0.0,32.59,35.0,100.0,0.0,60622.7,4683.89,0.0,3084,221,7,1439,1645,2000,1756831.29,0,5,21,0xfdaf199ae935753c70824f6c73d4877ddceea57b,0x746a6551cf300bd4f158ed338a363e3afe3e1f9d2cf934928cb45008c545a636,34.0,38627,Multichain_Syndicate,0.25,1.7918,2.25
14,0x98c43da6,BASE_Trader_14,,0x98c43da65205b7c53a857d79f3d1f6fbc0b76fa5,unmasked,592828.64,base,49.4491,49.4491,49.4491,49.4491,49.4491,49.4491,6,['snipe_bot'],592828.64,12138.33,1071.75,334.87,60.98,61.76,72.73,100.0,162315.79,9686.66,832.01,6840,238,19,3743,3097,2000,1178121.29,0,1,2,0x1036aa69aa4a4be579d448f4f00dc05063ea5172,0x336c691cac72b28124da41dc1bc80465195e101d46184a52520ccf5dbe8a6bfa,0.1784,4701,Multichain_Syndicate,0.25,1.7918,2.0
15,CupseyV,Cupsey,CupseyV,0x0f84d2da979180394fbf9c4499febd0f602a6767,unmasked,32681.57,base,0.4693,0.4693,0.4693,0.4693,0.4693,0.4693,0,"['kol', 'fomo', 'gmgn_go', 'gmgn']",32681.57,2297.2,746.19,0.0,56.86,53.15,39.13,0.0,100034.02,32956.49,0.0,3315,374,88,1583,1732,2000,520471.29,1,0,2,0x39591e7c099a379fd7b349ebfecaeef439c40454,0x1ee0c1b852a7d1e504e6b229fd1b5352d0fd584a0470683b07b3cb55d7e9ad76,0.1525,4544,Base_Whale_Accumulator,0.25,1.7918,2.25
16,shenron__1,Shenron ,shenron__1,0xeeefff8ce2710fa490e0fcb794235e873c252d2e,unmasked,15604.79,base,1.3988,1.3988,1.3988,1.3988,1.3988,1.3988,6,"['kol', 'gmgn_go', 'gmgn']",15604.79,4454.48,532.29,0.0,10.48,15.38,38.46,75.0,87158.83,14922.0,0.0,439,228,51,156,283,309,3566044.1,2,0,7,0x4518dd705579bb43d2629d2425b0551180fccefb,0x55a79a130f7ee2f155431f046a8d1cb341453954e1f01ac0845745de61351799,0.7029,2247,Multichain_Syndicate,0.25,1.7918,1.5
17,0x59905d5d,BASE_Trader_17,,0x59905d5d085e0caf031ba883b821ba354e51f95e,unmasked,236711.09,base,1.0846,1.0846,1.0846,1.0846,1.0846,1.0846,6,['snipe_bot'],236711.09,5739.64,501.69,0.0,46.89,48.1,55.56,0.0,114194.28,7889.25,0.0,8289,358,28,3859,4430,2000,773038.83,0,1,9,0x74b0e133bee3384dfcfa60b31d85d8e2062de811,0xcd2fa9d8caf5c425397355786efe5f5fbf1f5944dcd7130f3fff4bf32bbce957,0.0993,75701,Multichain_Syndicate,0.25,1.7918,1.0
18,0xJyEth,0xJy.eth ,0xJyEth,0x2849857d9b640fd2104c4607c6c23dec3c798370,unmasked,34350.02,base,0.001,0.001,0.001,0.001,0.001,0.001,0,['kol'],34350.02,236.73,488.39,0.0,41.67,50.0,100.0,0.0,3034.04,924.88,0.0,552,5,3,279,273,2000,3812209.24,0,0,2,0x3bdb03ad7363152dfbc185ee23ebc93f0cf93fd1,0xe2cc769c50b69718881f59e3ca27171a17d0f206598c4df88f8c9c805b1bdf1b,1.4985,5954,Base_Whale_Accumulator,0.85,0.0411,1.0
19,technoviking46,tech,technoviking46,0x3d06315c94ac30b6061c91caf748fc2db04a89f4,unmasked,57963.81,base,3.0254,3.0254,3.0254,3.0254,3.0254,3.0254,6,"['kol', 'gmgn_go', 'gmgn']",57963.81,1053.31,485.51,0.0,47.06,46.15,100.0,0.0,3867.97,813.19,0.0,694,16,2,269,425,2000,4193880.47,0,3,3,0xa95dcc3aa54346eca79c88ce879fd7209984635a,0xc044a30332a62841c32be1f4d84aca548d68db653174c55a21145cdc03fed0fd,0.172,70631,Multichain_Syndicate,0.25,1.7918,1.25
20,whashywash,whashywash,whashywash,0x609f2c912175f8cd4438c1882f291fa6a4b4c735,unmasked,25435.8,base,4.9535,4.9535,4.9535,4.9535,4.9535,4.9535,6,"['kol', 'gmgn_go', 'fomo', 'gmgn']",25435.8,2395.82,365.47,-106.92,41.67,43.48,100.0,100.0,32428.44,7371.62,768.85,688,89,13,311,377,2000,1750557.88,0,0,2,0x4ba5b67c5ea7575bf549459004c21535aa1bfb9a,0xc5c989cc6c8ab5c2d1b01af0a31ca74a474fa8b8c11c5623644f83cba9f09480,0.4,25332,Multichain_Syndicate,0.25,1.7918,2.67
21,NeoCallss,NΞO,NeoCallss,0xe28601398a5448d1147e6e8b0e0c6d686f0d216d,unmasked,24365.02,base,2.2081,2.2081,2.2081,2.2081,2.2081,2.2081,6,"['kol', 'gmgn_go', 'fomo', 'gmgn']",24365.02,5589.32,319.76,341.11,49.35,47.06,50.0,50.0,73044.92,13156.15,2928.22,1086,170,28,493,593,531,2646533.14,1,4,8,0x3807771db053dae9ead980692b6ef85c9c10f0bd,0xe7a650456fe8bb448db7020795a35fc802ba21c5a97865afcf8899c993c5af6a,0.8942,28825,Multichain_Syndicate,0.85,1.7918,1.0
22,frostyyy,Frosty,frostyyy,0x0b3edd0d0bf7c6281a7f8ae5a5630defb94ae78e,unmasked,138242.13,base,10.3157,10.3157,10.3157,10.3157,10.3157,10.3157,6,"['kol', 'gmgn_go', 'gmgn']",138242.13,4508.71,313.86,0.0,55.06,52.63,100.0,0.0,36207.2,2651.11,0.0,987,49,4,396,591,2000,3479861.92,1,7,3,0x319f1319ce00022591c30a862e06570954f88388,0xc2ea2946252f4453859d8b5c1a2960bc32d2c6a76671e5e8b3fb077f07bf930e,0.01,236585,Multichain_Syndicate,0.25,1.7918,1.67
23,0xyukaz,yukaz（开卷考）,0xyukaz,0xa05ec35f7d1eba823cff2ed26aeaed419683742f,unmasked,435615.89,base,0.4961,0.4961,0.4961,0.4961,0.4961,0.4961,0,"['kol', 'bluechip_owner', 'fomo', 'gmgn_go', 'gmgn']",435615.89,28322.72,255.88,134.33,49.44,47.5,66.67,100.0,107743.01,9205.22,732.89,2508,136,9,1265,1243,2000,1918178.25,3,3,11,0x3bdb03ad7363152dfbc185ee23ebc93f0cf93fd1,0x0ee11029c277d6f05258a761f57488a42cccec23a5b6e43ebf2a1b2a62add808,0.363,16435,Base_Whale_Accumulator,0.25,1.7918,2.4
24,collet9094,,collet9094,0xcc5ecdfc4f4b81e3363e6417031a4e3e3186a2f5,unmasked,-1075.57,base,0.5514,0.5514,0.5514,0.5514,0.5514,0.5514,0,"['kol', 'fomo', 'gmgn']",-1075.57,594.92,176.36,0.0,40.0,100.0,100.0,0.0,6272.51,3034.49,0.0,76,18,9,34,42,141,5456589.41,0,0,2,0x3807771db053dae9ead980692b6ef85c9c10f0bd,0x1d508d50ca296314b6b04dd1b1e117686f69fbeb8d807b1fba650dbb8b2690ea,0.0117,43829,Base_Whale_Accumulator,0.85,1.7918,2.0
25,gold_burger,Hamburger BNB,gold_burger,0xdb3a65a512dee57cbf4d8c797fcbad290dcde953,unmasked,186.21,base,0.2502,0.2502,0.2502,0.2502,0.2502,0.2502,0,"['kol', 'gmgn_go', 'gmgn']",186.21,186.21,128.07,0.0,33.33,33.33,100.0,100.0,8838.51,384.19,0.0,49,49,3,21,28,19,271190.89,0,0,0,0xae0b8d167f7594b5091d72d24c26c93ddb01433d,0xec1335528ed09d748a46f368ba877ae736ae6f5aec4d056bcea8631864182be9,0.183,16179,Base_Whale_Accumulator,0.85,1.7918,1.5
26,rcivNFT,rciv,rcivNFT,0x3310fd13c6c55f054cc128439e1e51cd0cb16fed,unmasked,-20998.27,base,0.2314,0.2314,0.2314,0.2314,0.2314,0.2314,0,"['kol', 'fomo']",-20998.27,74.63,74.63,74.63,20.45,50.0,100.0,100.0,0.0,0.0,0.0,302,0,0,141,161,1275,14919193.98,0,1,16,0x1b1d2149d656f8ca33fb633e6f642b5a2426b53d,0xf14d987c556aa83aeb5c0963b439bedb10863560781bd33de799d18c990b656c,1.0116,8695,Base_Whale_Accumulator,0.25,1.7918,1.0
27,teddi_speaks,King.sol ,teddi_speaks,0xd3abaa759af897122c876b87cf386f748cb213a8,unmasked,5066.1,base,0.0063,0.0063,0.0063,0.0063,0.0063,0.0063,0,['kol'],5066.1,148.34,23.05,0.0,16.13,28.57,50.0,0.0,259.86,33.01,0.0,69,10,2,14,55,310,12395510.59,2,0,1,0xf70da97812cb96acdf810712aa562db8dfa3dbef,0x71a50408c0aeaab62b4b975507b6116e89d79d7d5ed42a9b82fdd35812e9441c,0.01,141852,Base_Whale_Accumulator,0.25,0.1916,1.67
28,Rex416_NFT,Rex416.eth,Rex416_NFT,0x6609dfa1cb75d74f4ff39c8a5057bd111fba5b22,unmasked,-34.15,base,0.0001,0.0001,0.0001,0.0001,0.0001,0.0001,0,"['bluechip_owner', 'kol']",-34.15,11.81,11.81,0.0,0.0,0.0,0.0,0.0,0.0,0.0,0.0,10,0,0,3,7,181,19859068.81,0,0,0,,,,7929,Base_Whale_Accumulator,0.25,0.0056,1.0
29,0xa12fa237,BASE_Trader_29,,0xa12fa23701f00ad2663e339386d65cd94a144cbc,unmasked,17677360.97,base,19.9777,19.9777,19.9777,19.9777,19.9777,19.9777,6,['snipe_bot'],17677360.97,1473.92,6.5,0.0,44.24,33.33,28.57,0.0,352643.49,155668.84,34592.61,110091,80,28,50178,59913,2000,17867503.87,48,29,8,0x1df9d61a56e5e05332268ba12caf89e83a1abc4e,0x70543143ce0d45dc342738d96ad674f5b70cba0173eb07726c01cd9574393140,2.1319,68,Multichain_Syndicate,0.85,1.7918,1.0
30,SmolHydra,Hydra,SmolHydra,0xeb20b344612e8825ca07206f40f2b88e5afd5dd3,unmasked,-4246.73,base,0.0181,0.0181,0.0181,0.0181,0.0181,0.0181,0,['kol'],-4246.73,5.41,4.85,0.0,38.46,40.0,100.0,0.0,408.67,404.07,0.0,280,5,4,100,180,2000,4299088.57,0,0,0,0x866165778e2c1a23cd3c1c2cdaa02df865fcc526,0x976b749924d38cb6958bd6810085d4fecd637515623bbb5ea15f4c14cb19862a,0.025,1174,Base_Whale_Accumulator,0.25,0.4364,1.67
31,buythedipnhodl_,BuyTheDipNHodl,buythedipnhodl_,0x217946e128c1b9c7f8c3f16b33878a908713923a,unmasked,28041.8,base,0.5187,0.5187,0.5187,0.5187,0.5187,0.5187,0,['kol'],28041.8,3610.37,4.26,43.72,38.61,55.88,53.85,60.0,21745.27,1307.98,356.63,1830,115,10,985,845,627,3535756.17,2,1,6,0x18bead774f927af586f86f6d054c269416e163dd,0x47d4890b75afb7033d9b01aea1ed11327dae908fd1aba88567bcfa1191508b2d,1.1637,5915,Base_Whale_Accumulator,0.85,1.7918,1.0
32,bizyugo,bizyugo.hl,bizyugo,0xbdfa4f4492dd7b7cf211209c4791af8d52bf5c50,unmasked,-2261.04,base,1.9162,1.9162,1.9162,1.9162,1.9162,1.9162,6,['kol'],-2261.04,7.05,2.59,1.89,8.33,100.0,100.0,100.0,1272.87,485.12,197.35,61,10,3,11,50,885,13757230.42,0,0,0,0x39591e7c099a379fd7b349ebfecaeef439c40454,0x628675ae536c5bdfec0fcdd536c8484fb2c06184cb13c7addcaae49610de797b,0.033,74727,Multichain_Syndicate,0.85,1.7918,1.0
33,bloodredfrog,bloodredfrog,bloodredfrog,0x0cef7feff37208e1295ac6537445a9b5bc566fd5,unmasked,-5446.41,base,0.0,0.0,0.0,0.0,0.0,0.0,0,"['kol', 'fomo']",-5446.41,1.25,0.86,0.0,10.88,33.33,50.0,0.0,60.05,46.58,0.0,528,2,1,224,304,1413,13261914.81,0,1,38,0xf70da97812cb96acdf810712aa562db8dfa3dbef,0x6cffa6165b452dc40612c7a41af907df99c2b53e3037f803b695406a8d2168fa,0.0325,10033,Base_Whale_Accumulator,0.85,0.0009,1.0
34,aomra_00,aomoon,aomra_00,0x821d92e6e62a2004e2cec914c23a9f346add0331,unmasked,1500.07,base,1.0509,1.0509,1.0509,1.0509,1.0509,1.0509,6,['kol'],1500.07,0.4,0.27,0.0,8.82,28.57,66.67,0.0,1112.99,246.81,246.81,235,5,1,113,122,801,14164571.38,0,0,4,0x8c826f795466e39acbff1bb4eeeb759609377ba1,0x30cc96f51c8da933ced319393e8df855b865027f58c823f5e071bb90079d4a0f,0.0109,8933,Multichain_Syndicate,0.85,1.7918,1.0
35,Connoreo,Connor,Connoreo,0x2f5eb3f35df41a6bfbd17faaf0130b3d4228759e,unmasked,37373.11,base,0.5891,0.5891,0.5891,0.5891,0.5891,0.5891,0,"['kol', 'gmgn_go', 'gmgn']",37373.11,553.28,0.21,0.0,42.86,66.67,100.0,100.0,6214.48,1.72,0.0,669,15,2,305,364,502,7623388.69,2,1,4,0xa17d0bfebad536cd1ea7343c4584fc3b48b032f2,0x9c53215b478b51c800b4e63eb618df337931db2fbd3470d5b831a554f73234a2,0.053,24245,Base_Whale_Accumulator,0.85,1.7918,1.0
36,dragonfly,Dragonfly ＞|＜,dragonfly,0xbea07b01e8fe3936a3d206158521a87addb65cfe,unmasked,0.0,base,0.0,0.0,0.0,0.0,0.0,0.0,0,['kol'],0.0,0.0,0.0,0.0,0.0,0.0,0.0,0.0,0.0,0.0,0.0,0,0,0,0,0,0,0.0,0,0,0,,,,1486907,Base_DEX_Scalper,0.85,0.0,1.0
37,a16z,a16z,a16z,0x05e793ce0c6027323ac150f6d45c2344d28b6019,unmasked,0.0,base,0.0,0.0,0.0,0.0,0.0,0.0,0,['kol'],0.0,0.0,0.0,0.0,0.0,0.0,0.0,0.0,0.0,0.0,0.0,0,0,0,0,0,8,0.0,0,0,0,,,,1089741,Base_DEX_Scalper,0.85,0.0,1.0
38,Cgo_d188,wealth,Cgo_d188,0x48d064323252e3a60e352fe27b9e8979090c37a8,unmasked,0.0,base,0.0,0.0,0.0,0.0,0.0,0.0,0,['kol'],0.0,0.0,0.0,0.0,0.0,0.0,0.0,0.0,0.0,0.0,0.0,0,0,0,0,0,0,0.0,0,0,0,,,,20221,Base_DEX_Scalper,0.85,0.0,1.0
39,leo919,LEO919,leo919,0x7f3fb054e59bc0ceaca7c13423a66565795128c7,unmasked,0.0,base,0.0,0.0,0.0,0.0,0.0,0.0,0,['kol'],0.0,0.0,0.0,0.0,0.0,0.0,0.0,0.0,0.0,0.0,0.0,0,0,0,0,0,0,0.0,0,0,0,,,,8109,Base_DEX_Scalper,0.85,0.0,1.0
40,0x80c9faf6,BASE_Trader_40,,0x80c9faf6ee0538f7a11be306e73b365bb092b56f,unmasked,83655.4,base,0.9452,0.9452,0.9452,0.9452,0.9452,0.9452,0,"['snipe_bot', 'gmgn']",83655.4,675.51,0.0,0.0,61.11,33.33,0.0,0.0,5523.34,0.0,0.0,2964,8,0,1279,1685,1592,9616073.59,2,4,24,0xaca70c52fe7d8532d9f22e05bd53b347e2cc8877,0x6fc0dcc2b21c3ffc7d7b60a388ec770b556f37e1668ac883d638968fda7964ba,0.2612,5153,Base_Whale_Accumulator,0.85,1.7918,1.0
41,zsf11221,小易,zsf11221,0xe4ef584eb114335ad6deedf89d845527a06e1d28,unmasked,-333.99,base,0.0006,0.0006,0.0006,0.0006,0.0006,0.0006,0,['kol'],-333.99,0.0,0.0,0.0,0.0,0.0,0.0,0.0,0.0,0.0,0.0,10,0,0,4,6,42,14217314.66,0,0,1,0x8c826f795466e39acbff1bb4eeeb759609377ba1,0xdb98f36b7ff2d1276823dea2364c84f7447ddfa91d9fad0eebeaa1688865ccd1,0.0747,12124,Base_Whale_Accumulator,0.85,0.0253,1.0
42,0xblackchip,black chip,0xblackchip,0xacd0cea3607626a6198bbb50718eb84ee7e5799d,unmasked,7465.56,base,0.4575,0.4575,0.4575,0.4575,0.4575,0.4575,0,"['kol', 'gmgn_go', 'gmgn']",7465.56,686.21,0.0,0.0,38.1,50.0,0.0,0.0,6386.89,0.0,0.0,1329,26,0,750,579,2000,4413426.4,0,1,3,0x3807771db053dae9ead980692b6ef85c9c10f0bd,0x94c26ccead64259069c43afbdbb9c060ec92f378824f4004052eda0a8e868b2b,0.0016,7489,Base_Whale_Accumulator,0.85,1.7918,1.0
43,EnteringWealth,ENTERING WEALTH |,EnteringWealth,0x4a55d7558af03e72ee161591db97f0ed840a81dc,unmasked,29.54,base,0.0,0.0,0.0,0.0,0.0,0.0,0,['kol'],29.54,29.54,0.0,0.0,100.0,100.0,100.0,100.0,294.77,0.0,0.0,2,2,0,1,1,1,87848.0,0,0,0,0x11eb628be6644914cac1ddd10fc47953478beb69,0x465007dec72623d59e4dd5ce18b124b28cc1d6076cd606bed0337d580f4c29ac,0.063,3673,Base_Whale_Accumulator,0.85,0.001,1.0
44,DejunGp,得均,DejunGp,0x388300a95a7353810aa51a2b472cc5a38b91dede,unmasked,-309.35,base,0.0,0.0,0.0,0.0,0.0,0.0,0,['kol'],-309.35,0.0,0.0,0.0,42.11,0.0,0.0,0.0,0.0,0.0,0.0,70,0,0,30,40,66,21568667.9,0,0,1,0x3304e22ddaa22bcdc5fca2269b418046ae7b566a,0x15703f246fa2304031c8535052a6ea1cfdfec2a4306e14c3cd72991cb8bdc923,0.1998,4936,Base_Whale_Accumulator,0.85,0.0,1.0
45,100xDan,Dan,100xDan,0x9782d08d2d8657b154e00e8d43bc0150ee5febaa,unmasked,7278.02,base,0.0005,0.0005,0.0005,0.0005,0.0005,0.0005,0,"['kol', 'gmgn_go', 'gmgn']",7278.02,620.32,0.0,0.0,12.5,20.0,0.0,0.0,6324.85,0.0,0.0,71,16,0,27,44,30,1347174.4,0,1,3,,,,7390,Base_Whale_Accumulator,0.85,0.0237,1.0
46,nineteen_888,就叫19,nineteen_888,0x9db43bb875e10bad12cdf798b14f279e3775ddff,unmasked,1045.74,base,0.0,0.0,0.0,0.0,0.0,0.0,0,"['kol', 'gmgn_go', 'gmgn']",1045.74,81.14,0.0,0.0,39.66,50.0,0.0,0.0,871.68,0.0,0.0,235,4,0,117,118,113,2020075.06,0,0,2,0x316e5de2a59a42c2cbb762a713443aff8ed3ee55,0xb70642b843876e27c063715972dc5032e84877dead63b9ead14d57fceb9213f2,0.187,31279,Base_Whale_Accumulator,0.85,0.0,1.0
47,Huang2024,Huang 黄,Huang2024,0x629fe6d73d5ca48c1b5e4ef35bb7319080c4aba5,unmasked,-2724.19,base,0.0001,0.0001,0.0001,0.0001,0.0001,0.0001,0,"['kol', 'gmgn', 'gmgn_go']",-2724.19,306.35,0.0,0.0,21.74,75.0,100.0,0.0,3328.47,0.0,0.0,135,7,0,64,71,92,3404174.58,0,0,1,0x78518e991daca403011da7e1c428efd5819d0af9,0x742b346a21f18bfa6889976f59e9081670042369fdc23721e3ccec6fb17c89df,0.818,25425,Base_Whale_Accumulator,0.85,0.0048,1.0
48,0xAlif,0xAlif,0xAlif,0x81b24791bc6c6713adf55c4f135f13639e92e5ae,unmasked,-72.62,base,0.0096,0.0096,0.0096,0.0096,0.0096,0.0096,0,['kol'],-72.62,0.81,0.0,0.0,26.19,44.44,0.0,0.0,4.84,0.0,0.0,86,6,0,38,48,858,17433807.66,0,1,3,0xd451316e6f075f52b46cb8aa3bea085ffb2560e9,0x1d8b520a22d578876cbedb0433e4b4466c10185ea5c28baa218407016eeb956f,0.0015,5284,Base_Whale_Accumulator,0.85,0.2685,1.0
49,CRYPTOALBATROSS,LloydApeman,CRYPTOALBATROSS,0x66883274f20a617e781c3f869c48ed93a041f178,unmasked,426.04,base,0.0039,0.0039,0.0039,0.0039,0.0039,0.0039,0,['kol'],426.04,125.2,0.0,0.0,25.0,0.0,0.0,0.0,0.0,0.0,0.0,19,0,0,10,9,50,6939066.12,1,0,0,,,,9486,Base_Whale_Accumulator,0.85,0.1301,1.0
50,FrankYoungBao,JimmyOYoung,FrankYoungBao,0x695b065ddf17ca69f4b1b77f1a0680cd438f1970,unmasked,-3513.56,base,1.0108,1.0108,1.0108,1.0108,1.0108,1.0108,6,"['kol', 'gmgn']",-3513.56,4198.28,0.0,0.0,47.62,50.0,0.0,0.0,26732.24,0.0,0.0,140,22,0,80,60,63,16326665.85,0,1,3,0x66e598312629fec5f2b04c38d0fb04d7c9acd256,0xfbef01c122cdcdd59b4c246e28fc33e73dac9787ace3d93db7a08fd4ca4d5857,3.0,13966,Multichain_Syndicate,0.85,1.7918,1.0
51,Edward__Park,Wecryptotogether (Theo/acc),Edward__Park,0x231b405c333db6d81adeaadf4c6ff3940ea5db21,unmasked,-599.0,base,0.0044,0.0044,0.0044,0.0044,0.0044,0.0044,0,['kol'],-599.0,486.34,0.0,0.0,17.14,100.0,0.0,0.0,2120.43,0.0,0.0,106,3,0,41,65,628,10933939.51,0,0,1,0xf70da97812cb96acdf810712aa562db8dfa3dbef,0x6360d70043ce8cd50411a240ab642bab0da3a2b9d0cd84730de71d032a32d784,0.7979,43946,Base_Whale_Accumulator,0.85,0.1439,1.0
52,YYzzy_diamond,YYYzzy | GDC,YYzzy_diamond,0x20ff275ee89cbf0ece757d1691325b653dd4e756,unmasked,101.99,base,0.0006,0.0006,0.0006,0.0006,0.0006,0.0006,0,"['gmgn', 'kol', 'gmgn_go']",101.99,101.99,0.0,0.0,100.0,100.0,0.0,0.0,1290.29,0.0,0.0,2,2,0,1,1,2,562450.5,0,0,0,,,,11569,Base_Whale_Accumulator,0.85,0.0249,1.0
53,cryptolfggo,里奇,cryptolfggo,0xaf3d75ac07863a715de23954aeb26f1ab1a6cac1,unmasked,-156.79,base,0.0157,0.0157,0.0157,0.0157,0.0157,0.0157,0,['kol'],-156.79,175.86,0.0,0.0,18.75,100.0,0.0,0.0,1235.62,0.0,0.0,29,3,0,6,23,306,16919996.82,0,0,1,0x97b9d2102a9a65a26e1ee82d59e42d1b73b68689,0x381076fa03968977515f6c92c25aaf3395f7fddabaa8c4732aecd5edfb5ae4ce,0.0077,30727,Base_Whale_Accumulator,0.85,0.3909,1.0
54,0xETHRex,0xETHRex,0xETHRex,0xa60aadf62907bf06dd714781d44bbd4c2d783259,unmasked,-34265.27,base,0.2525,0.2525,0.2525,0.2525,0.2525,0.2525,0,['kol'],-34265.27,1711.36,0.0,0.0,13.45,33.33,0.0,0.0,243.47,0.0,0.0,794,1,0,383,411,1145,14230511.26,0,1,8,,,,33,Base_Whale_Accumulator,0.85,1.7918,1.0
55,_SVVVG3,SVVVG3,_SVVVG3,0xf631eae9033f881a35091f221ac20ee0c6b05310,unmasked,435.31,base,0.0013,0.0013,0.0013,0.0013,0.0013,0.0013,0,"['bluechip_owner', 'kol', 'fomo']",435.31,175.62,0.0,0.0,30.56,41.67,0.0,0.0,0.0,0.0,0.0,3,0,0,0,3,869,17424160.91,1,0,0,0x380d89b06a1a596a2c4f788daaabc2dcc6493888,0x909c041b857a77748c38e41757f1cdce00bd3f7e7e6f59d46b1ae353618f641b,0.1,10658,Base_Whale_Accumulator,0.85,0.0517,1.0
56,malemale8888,crypto prince,malemale8888,0x5f6d7e7e2eaaa6fc96994f1e24bcacf6321fde11,unmasked,0.0,base,0.0,0.0,0.0,0.0,0.0,0.0,0,"['kol', 'gmgn_go']",0.0,0.0,0.0,0.0,0.0,0.0,0.0,0.0,0.0,0.0,0.0,0,0,0,0,0,0,0.0,0,0,0,,,,42825,Base_DEX_Scalper,0.85,0.0,1.0
57,BTC_Alert_,ALERT的会所,BTC_Alert_,0x039d4461f3dacbf69830d64fe5cca5e180c49858,unmasked,197.94,base,0.0002,0.0002,0.0002,0.0002,0.0002,0.0002,0,"['kol', 'gmgn_go']",197.94,0.0,0.0,0.0,100.0,0.0,0.0,0.0,0.0,0.0,0.0,3,0,0,2,1,87,8010652.09,0,0,0,0x97b9d2102a9a65a26e1ee82d59e42d1b73b68689,0x0814680f2b36a3ec53af3840a80c7b87497b2de0cf8bc1e134eb54be60a56806,1.8507,44172,Base_Whale_Accumulator,0.85,0.0102,1.0
58,punk6995,Barbossa (Crashout arc)‍,punk6995,0xdf2a8e398b97899ecda4db93bb00eee386338d3a,unmasked,1591.9,base,0.0002,0.0002,0.0002,0.0002,0.0002,0.0002,0,"['kol', 'gmgn_go', 'gmgn']",1591.9,98.37,0.0,0.0,47.06,50.0,0.0,0.0,632.33,0.0,0.0,96,2,0,44,52,2000,2577585.18,0,1,2,0x06b3dd220941964447796646042bfac9537bd60b,0xe35ba2d4dc9a3a16c7d75f8d51a03742f996f6601ee13ec59214971a9f13be34,0.8,7836,Base_Whale_Accumulator,0.85,0.0102,1.0
59,stacy_muur,Stacy Muur,stacy_muur,0xaa9543f2eff0e7a4b267f839612945841172b02f,unmasked,0.57,base,0.1372,0.1372,0.1372,0.1372,0.1372,0.1372,0,"['kol', 'fomo']",0.57,0.18,0.0,0.0,9.09,25.0,100.0,100.0,0.0,0.0,0.0,12,0,0,5,7,614,15208999.1,0,0,0,0x074d6544ebfcae752023a03b6c81a156eae78167,0x58ba25cc905d4ab52d003f7e06aed7ae4bac978124c1e6c48daf589373d2425c,2.5474,78100,Base_Whale_Accumulator,0.85,1.6354,1.0
60,nyenchenn,陈佩佩,nyenchenn,0xcbc04b6607e7ebe0373c3ee361ba396b8ecb721c,unmasked,83916.77,base,0.0004,0.0004,0.0004,0.0004,0.0004,0.0004,0,"['kol', 'fomo', 'gmgn', 'gmgn_go']",83916.77,21741.3,0.0,0.0,30.84,30.56,0.0,0.0,84898.63,0.0,0.0,2583,122,0,1372,1211,661,3738310.14,2,2,34,0x3807771db053dae9ead980692b6ef85c9c10f0bd,0x0a63a81b4d82f4faa75c72fecd340af07ce91076779a053bbf6aee8833c7d81a,0.1093,8309,Base_Whale_Accumulator,0.85,0.0177,1.0
61,kreo444,kreo,kreo444,0x7551fd7a88afd941ddcc0a4f1cb62cf85afdae61,unmasked,4301.23,base,0.9011,0.9011,0.9011,0.9011,0.9011,0.9011,0,"['kol', 'gmgn_go', 'gmgn']",4301.23,410.44,0.0,0.0,50.0,50.0,0.0,0.0,5968.38,0.0,0.0,51,17,0,25,26,118,8352139.25,0,2,0,0x0ffbd22ea27dacae7ca971d8ea397626d96b256d,0x29bda4b1c5d72f0d846581141390158f72dfe228e0229d357e294d942f7b651f,0.0594,35027,Base_Whale_Accumulator,0.85,1.7918,1.0
62,H2H_JIWOO_,지우,H2H_JIWOO_,0x92ec9b0cacf6e110d57a9cfe8d5abb472ff3efb4,unmasked,0.0,base,0.0,0.0,0.0,0.0,0.0,0.0,0,['kol'],0.0,0.0,0.0,0.0,0.0,0.0,0.0,0.0,0.0,0.0,0.0,0,0,0,0,0,0,0.0,0,0,0,,,,9593,Base_DEX_Scalper,0.85,0.0,1.0
63,SmokezXBT,Smokez,SmokezXBT,0x9f626d6e0b39f9d37c676f13230fbd4f07d8d4a8,unmasked,0.0,base,0.0,0.0,0.0,0.0,0.0,0.0,0,['kol'],0.0,0.0,0.0,0.0,0.0,0.0,0.0,0.0,0.0,0.0,0.0,0,0,0,0,0,0,0.0,0,0,0,,,,67269,Base_DEX_Scalper,0.85,0.0,1.0
64,BitPuPu,铺二爷BitPuPu,BitPuPu,0x7f1daf4d2729b3065d9cea2422cd5480fddbc000,unmasked,0.0,base,0.0,0.0,0.0,0.0,0.0,0.0,0,['kol'],0.0,0.0,0.0,0.0,0.0,0.0,0.0,0.0,0.0,0.0,0.0,0,0,0,0,0,0,0.0,0,0,0,,,,27142,Base_DEX_Scalper,0.85,0.0,1.0
65,0x0cbb693e,BASE_Trader_65,,0x0cbb693e0199cb7ad4f3c846f43045cb95247fc5,unmasked,-28008.87,base,4.4035,4.4035,4.4035,4.4035,4.4035,4.4035,6,['snipe_bot'],-28008.87,3252.75,0.0,0.0,39.09,33.33,0.0,0.0,2010.98,0.0,0.0,1931,4,0,1292,639,2000,14563225.29,0,0,14,0x0cbb693e0199cb7ad4f3c846f43045cb95247fc5,0xc2c9b9a8a902227793fd55fb7ea26ade31a55546898101c3191b7f6780d448d5,0.01,201,Multichain_Syndicate,0.85,1.7918,1.0
66,Esee06257,Esee,Esee06257,0x492cba689a5560e98008c4d032a139f5c0d1ff6e,unmasked,-1049.6,base,0.0005,0.0005,0.0005,0.0005,0.0005,0.0005,0,"['kol', 'gmgn', 'gmgn_go']",-1049.6,1561.4,0.0,0.0,26.4,20.0,0.0,0.0,5076.41,0.0,0.0,664,34,0,401,263,412,9400427.96,1,0,9,0x1b1d2149d656f8ca33fb633e6f642b5a2426b53d,0xded6cf96976c09d805fe7a871271b7e88213d7da3330f14c06329ee657082ce3,1.0269,23612,Base_Whale_Accumulator,0.85,0.0228,1.0
67,0xleng1,Leng,0xleng1,0x99514773a40f64e52ae3014c7836cf0e703dd0b1,unmasked,468.79,base,0.0005,0.0005,0.0005,0.0005,0.0005,0.0005,0,"['kol', 'gmgn_go', 'gmgn']",468.79,130.94,0.0,0.0,45.45,100.0,0.0,0.0,2197.04,0.0,0.0,113,25,0,63,50,68,5799364.08,0,1,1,0xdac5352649e7a03a42d7d73c8c31a6beceed100a,0x95af669af16c577fafc45aa748690b90b1a3794a42b05584f1f54b2dd0f9aa01,0.4,40216,Base_Whale_Accumulator,0.85,0.0233,1.0
68,0xecd1f3e9,BASE_Trader_68,,0xecd1f3e99caa4cdbf174ad12ce79d89a8ba54fca,unmasked,201943.31,base,0.1137,0.1137,0.1137,0.1137,0.1137,0.1137,0,"['snipe_bot', 'fomo', 'smart_degen']",201943.31,0.0,0.0,0.0,30.0,0.0,0.0,0.0,0.0,0.0,0.0,1981,0,0,941,1040,2000,3209415.94,0,1,1,0x78ca0d29b697b72f4e31d8e5130c0463fffac93e,0x00436fcd67c0f4aa82eefaa8d23245b13c95d275d15f69b8249f6da0d9e1424c,0.99,5074,Base_Whale_Accumulator,0.85,1.4829,1.0
69,Hercules_algo,hercules,Hercules_algo,0xbef491231527c9efb47c45603b85ea66439714a5,unmasked,-770.83,base,0.0071,0.0071,0.0071,0.0071,0.0071,0.0071,0,['kol'],-770.83,0.26,0.0,0.0,19.64,50.0,0.0,0.0,0.89,0.0,0.0,609,1,0,320,289,464,11452742.02,0,0,2,0xb4807865a786e9e9e26e6a9610f2078e7fc507fb,0x0edcd695ae20d30461b0fdaee9f51aeadd88aff5d5ed245ab22d6369d12c2e0f,0.0314,6023,Base_Whale_Accumulator,0.85,0.2111,1.0
70,zachxbt,ZachXBT,zachxbt,0x3f1c0ea76342cc3427962452891f8de8649a301b,unmasked,845.21,base,0.0,0.0,0.0,0.0,0.0,0.0,0,"['kol', 'fomo']",845.21,746.9,0.0,0.0,47.22,100.0,0.0,0.0,0.0,0.0,0.0,133,0,0,79,54,358,10410466.01,0,1,2,0x3bdb03ad7363152dfbc185ee23ebc93f0cf93fd1,0xddd8f03b7bd17d5e0c131c63a06a2b1a27c76749b8ad4f55d7c1e49ca42d464f,0.1366,1108632,Base_Whale_Accumulator,0.85,0.0006,1.0
71,0xf11ae5d5,BASE_Trader_71,,0xf11ae5d5d7898c6e56d625b21378f8947a3a8694,unmasked,21514.3,base,1.7767,1.7767,1.7767,1.7767,1.7767,1.7767,6,['snipe_bot'],21514.3,355.66,0.0,0.0,45.7,40.0,50.0,0.0,6878.16,0.0,0.0,856,16,0,367,489,453,7588144.47,3,7,17,0xba68aae3ef4124479fc1dc1165fb2936e6a3524f,0x87d71c5368c9863dcadf6485716c5a05998c9149fd044fbc3db09fb499fca733,0.6,59,Multichain_Syndicate,0.85,1.7918,1.0
72,loldefi,loldefi*,loldefi,0xd5c2db008b969c4ef65ef1b625d0f7d8cc480240,unmasked,-1100.05,base,0.0,0.0,0.0,0.0,0.0,0.0,0,['kol'],-1100.05,26.62,0.0,0.0,7.69,33.33,33.33,0.0,270.01,0.0,0.0,16,2,0,3,13,121,8335447.6,0,0,0,,,,26366,Base_Whale_Accumulator,0.85,0.0022,1.0
73,lukecannon727,Luke Cannon,lukecannon727,0x8874174a2366668d54fea6343f71709389563c8a,unmasked,1572.21,base,0.0047,0.0047,0.0047,0.0047,0.0047,0.0047,0,['kol'],1572.21,156.05,0.0,0.0,53.85,100.0,100.0,0.0,0.04,0.0,0.0,58,2,0,41,17,632,13493415.98,0,0,0,0x9f9f92b81c310294cf65189d93e4134e64f237d5,0x4dce2e4a3da83dd4dfa4d2884d0fc6d1b9f1072379f9d59b2c21a99bfd504fa8,0.1234,12627,Base_Whale_Accumulator,0.85,0.1508,1.0
74,matt_willemsen,Matt Willemsen,matt_willemsen,0xe6a5f1690fcda05d9ba0a663b6e7ddf3c97eb7b1,unmasked,4953.0,base,0.0027,0.0027,0.0027,0.0027,0.0027,0.0027,0,"['bluechip_owner', 'kol', 'gmgn', 'fomo']",4953.0,434.76,0.0,0.0,35.76,45.45,100.0,100.0,12636.14,4369.52,0.0,1222,82,3,539,683,2000,14142504.89,2,4,33,0x3603867aae9ccb85300c7fc2fb059708ae7506c4,0x1a2f1ae11c65d55a7237b8cc605fd86c5811921921521733d9423c9de2ceaf2d,0.0752,9086,Base_Whale_Accumulator,0.85,0.0969,1.0
75,lanyihou,蓝衣侯-搏杀ai,lanyihou,0x42756ec8febdf07248211b6aa6376a66502878da,unmasked,-3208.02,base,0.0042,0.0042,0.0042,0.0042,0.0042,0.0042,0,"['kol', 'gmgn']",-3208.02,383.75,0.0,0.0,23.4,25.0,0.0,0.0,1252.15,0.0,0.0,183,2,0,110,73,414,13225340.11,1,0,9,0xb3aab613d9922a3e74414b7a6cfa8269faac2acc,0x80cc913e754dfdf707dd33fbd80b43e736a7deb6d10104d5fe634487cedfeb20,0.01,106977,Base_Whale_Accumulator,0.85,0.1381,1.0
76,Cgo_d188,wealth,Cgo_d188,0x14c8fd5aa39930a8baf4b9ce0e9d1a258e50f4e6,unmasked,91.11,base,0.0001,0.0001,0.0001,0.0001,0.0001,0.0001,0,['kol'],91.11,0.0,0.0,0.0,60.0,0.0,0.0,0.0,0.0,0.0,0.0,12,0,0,7,5,7,0.0,0,0,0,,,,20221,Base_DEX_Scalper,0.85,0.0058,1.0
77,0x8f6448ea,BASE_Trader_77,,0x8f6448ea8a6a0d223acf4f2746dab5d032c65b72,unmasked,0.0,base,0.0,0.0,0.0,0.0,0.0,0.0,0,['smart_degen'],0.0,0.0,0.0,0.0,0.0,0.0,0.0,0.0,0.0,0.0,0.0,0,0,0,0,0,212,10581572.41,0,0,0,0x8c826f795466e39acbff1bb4eeeb759609377ba1,0x8d1dd766def7059c23a601f19281e8e56868fd678fbe053cf7968fb6a1d2e4fd,0.01,16130,Base_Whale_Accumulator,0.85,0.0,1.0
78,bagufps,b,bagufps,0xa3d3fed954a332992cfec8c606eeb2a25fbb3864,unmasked,7554.2,base,1.7155,1.7155,1.7155,1.7155,1.7155,1.7155,6,"['kol', 'gmgn']",7554.2,1315.07,0.0,0.0,45.0,33.33,0.0,0.0,6760.16,0.0,0.0,106,3,0,39,67,232,8659714.58,0,2,2,0x749bc2e192329fdf409dc5b391869edabff3a993,0xbcdcc3b9eeb9975b83a499b41fceace8392dbbbae348e2dcd28327e9ec92519a,0.042,14157,Multichain_Syndicate,0.85,1.7918,1.0
79,GuruG_crypto,DeScientist,GuruG_crypto,0x9224bbb4e0fbe2f2f8fab55debc41eb21fdfb804,unmasked,-8670.83,base,0.0107,0.0107,0.0107,0.0107,0.0107,0.0107,0,['kol'],-8670.83,575.36,0.0,0.0,17.46,33.33,0.0,0.0,3135.33,0.0,0.0,289,11,0,163,126,821,10421387.17,0,0,0,0x239d9dc235a4a886fb07d0e91f29e643a62dcc02,0xa331f8f159d2c4f563b54538baf25b56ba52700e145efc1b64bbde515b1ce3fe,0.01,702,Base_Whale_Accumulator,0.85,0.2918,1.0
80,CipherLight5426,半盏流年,CipherLight5426,0x5b617e16732c9f7f1445b1639bf241451c6f1789,unmasked,-0.12,base,0.0,0.0,0.0,0.0,0.0,0.0,0,['kol'],-0.12,0.0,0.0,0.0,0.0,0.0,0.0,0.0,0.0,0.0,0.0,3,0,0,1,2,0,0.0,0,0,0,0xbd5ab6704dcb98d9263868a692a11fe10c2d99f3,0xf5b705cecb5639877479421a3046f5898e0dcd6f0197a99504cbd92705fbb09f,0.2972,61,Base_DEX_Scalper,0.85,0.0,1.0
81,0x1c4be61a,BASE_Trader_81,,0x1c4be61af408446207d2d443ac247118fd84fed8,unmasked,0.0,base,0.0,0.0,0.0,0.0,0.0,0.0,0,['smart_degen'],0.0,0.0,0.0,0.0,0.0,0.0,0.0,0.0,0.0,0.0,0.0,0,0,0,0,0,2000,2730738.61,0,0,0,,,,261,Base_Whale_Accumulator,0.85,0.0,1.0
82,KZMKBL,Kazım,KZMKBL,0x0064f043786e8c597d6565fcbf4f0989bdd0f9a3,unmasked,-34.42,base,0.0619,0.0619,0.0619,0.0619,0.0619,0.0619,0,['kol'],-34.42,3.86,0.0,0.0,100.0,100.0,0.0,0.0,50.3,0.0,0.0,112,1,0,40,72,2000,3401750.77,0,0,0,0xc462ac695b5e324bfbbf5c00501486f951d90a57,0x39d54767aad9f7e3914fb18f3c778c6d3e365c3e1d47bbd8b4cc88d7a95daf1c,0.004,9133,Base_Whale_Accumulator,0.85,1.033,1.0
83,BMooon97_,BlueMoon,BMooon97_,0x5f9bc316d8473d8c6634bd26f3e0932cd6bf0718,unmasked,-34482.58,base,0.0244,0.0244,0.0244,0.0244,0.0244,0.0244,0,"['kol', 'gmgn_go', 'gmgn']",-34482.58,43.79,0.0,0.0,100.0,100.0,0.0,0.0,4999.61,0.0,0.0,195,7,0,93,102,2000,5827027.95,0,0,0,0x07427c476501e03b1802541625cefd1df24484d2,0x5cd04ee21a6e35ab889fa2c0328fa3b2beeec0e1b70765a37c7bd5c2d8ae5cad,4.0,4546,Base_Whale_Accumulator,0.85,0.5443,1.0
84,i_icepy,icepy.eth,i_icepy,0x4a40eb870dcf533d4dc097c3d87aafe9f64490a1,unmasked,2288.41,base,0.0655,0.0655,0.0655,0.0655,0.0655,0.0655,0,['kol'],2288.41,0.53,0.0,0.0,31.25,50.0,0.0,0.0,7.25,0.0,0.0,1146,1,0,710,436,2000,5284559.55,0,0,0,0x3304e22ddaa22bcdc5fca2269b418046ae7b566a,0x027b7972fb6593aacc849d3a8baf0e4362e87d182b6d2b8f5f218a8f62265af2,0.1,6595,Base_Whale_Accumulator,0.85,1.0712,1.0
85,CCCWDP,冲出重围的屁,CCCWDP,0xc0f24234a31050186b88c622a1389deec81f133e,unmasked,-150.07,base,0.0009,0.0009,0.0009,0.0009,0.0009,0.0009,0,"['kol', 'gmgn_go']",-150.07,0.0,0.0,0.0,0.0,0.0,0.0,0.0,0.0,0.0,0.0,2,0,0,1,1,78,6644610.0,0,0,1,0xd5fdd1bd0fc03cc7d2ca0d40b99f819581866ec1,0xd6bf186d4eb3640cfbd7834c857958b6632c632a75a92b9820e90040d71cf1e3,0.0206,2938,Base_Whale_Accumulator,0.85,0.0378,1.0
86,derekbrown,Derek Brown,derekbrown,0x605e05bf092ebd18e06d1b0f699df5b9dd85d452,unmasked,-74255236.9,base,0.0004,0.0004,0.0004,0.0004,0.0004,0.0004,0,"['bluechip_owner', 'kol', 'fomo']",-74255236.9,3.34,0.0,0.0,25.93,46.15,0.0,0.0,6.36,0.0,0.0,1383,2,0,818,565,2000,6188702.34,0,0,6,0x4b34f943181408eac424116af7b7790c94cba8b6,0x8882656f9a42583c0b70048f28802f70681de8c77f0c2edc718946c4351499f4,0.0179,6157,Base_Whale_Accumulator,0.85,0.0172,1.0
87,ottabag,OTTA ,ottabag,0xd4229d8166dbaa45689589d59fa968abc840b20f,unmasked,2619.92,base,0.1359,0.1359,0.1359,0.1359,0.1359,0.1359,0,"['kol', 'gmgn_go', 'gmgn']",2619.92,2950.86,0.0,0.0,34.52,28.95,0.0,0.0,69923.75,0.0,0.0,638,89,0,358,280,528,8994169.52,1,6,15,0x3304e22ddaa22bcdc5fca2269b418046ae7b566a,0x77ce07ab98b77d73c4f7a595cfc0a4b86cf1a5d0e74538fa5bcf6d2ba52bd5b9,0.7684,41124,Base_Whale_Accumulator,0.85,1.6273,1.0
88,qwikcrypto,Qwik,qwikcrypto,0x4e8c7f243fab07d2ff3761d1ca43414ac6f61d12,unmasked,-2167.72,base,0.0005,0.0005,0.0005,0.0005,0.0005,0.0005,0,"['gmgn', 'gmgn_go', 'smart_degen']",-2167.72,861.4,0.0,0.0,31.88,50.0,0.0,0.0,3977.25,0.0,0.0,385,28,0,170,215,188,5349927.77,1,0,12,0xf70da97812cb96acdf810712aa562db8dfa3dbef,0x9d6c1b2a74c49d6cdf0fa51ba86f94e425fd034bddc16fff9f69c38e46ff1914,2.4781,658,Base_Whale_Accumulator,0.85,0.0228,1.0
89,jxs1688,蒋先生原名山野村夫,jxs1688,0x2a080bd88e8c0c31ecc4966a056c0a88bac4422d,unmasked,0.0,base,0.0,0.0,0.0,0.0,0.0,0.0,0,['kol'],0.0,0.0,0.0,0.0,0.0,0.0,0.0,0.0,0.0,0.0,0.0,0,0,0,0,0,80,9457742.84,0,0,0,,,,364,Base_Whale_Accumulator,0.85,0.0,1.0
90,rynm1x,rynm,rynm1x,0x72bb99200a89e608658a9032aad5aef6a41dd46f,unmasked,3376.0,base,1.3462,1.3462,1.3462,1.3462,1.3462,1.3462,6,"['kol', 'gmgn_go', 'gmgn']",3376.0,3376.0,0.0,0.0,75.0,75.0,0.0,0.0,7798.53,0.0,0.0,22,22,0,4,18,68,6062853.64,0,0,0,0x727dc47fabbcafbccd415d1d353e81eb81dbeb1f,0x0236939e18296ab18a83ab8b6c9233c1322ff92a6d4e38465684b9d5c0627391,1.9852,25919,Multichain_Syndicate,0.85,1.7918,1.0
91,0xAA_Science,0xAA,0xAA_Science,0x8d5624fa29526c879a1ca7560961e4c5a08089ae,unmasked,-978.61,base,3.2272,3.2272,3.2272,3.2272,3.2272,3.2272,6,['kol'],-978.61,2268.13,0.0,0.0,31.82,40.0,0.0,0.0,13278.88,0.0,0.0,89,11,0,41,48,399,12047991.3,0,0,8,0x7b32994191db8def2cb5c2a4ee0e3af636a15932,0x65c73ad19f551143c5ba8b86462c9b8797678586de2241458b0d839dfb80a982,0.06,181973,Multichain_Syndicate,0.85,1.7918,1.0
92,fengsuns,feng BNB,fengsuns,0xadf86e5f9216febddee08cc9dcf6574aa0b63506,unmasked,0.0,base,0.0002,0.0002,0.0002,0.0002,0.0002,0.0002,0,"['kol', 'gmgn_go']",0.0,0.0,0.0,0.0,0.0,0.0,0.0,0.0,0.0,0.0,0.0,0,0,0,0,0,86,9130588.4,0,0,0,0x7345c57b7c1f31ac4ac02c265735f0a5e02885a8,0xc95199b7c0b7eff5587edd4bd5dfa856facda1c21b04cb1d14973024e42add8e,0.102,2006,Base_Whale_Accumulator,0.85,0.0102,1.0
93,ohzarke,ozark,ohzarke,0x07cdaf0140c60a0c34681065abf49bb8d85b8cbe,unmasked,301849.2,base,0.6977,0.6977,0.6977,0.6977,0.6977,0.6977,0,"['kol', 'fomo', 'gmgn_go', 'gmgn', 'smart_degen']",301849.2,628.74,0.0,0.0,43.82,20.0,0.0,0.0,22424.53,966.68,728.59,4492,49,5,2572,1920,2000,2361532.7,1,1,1,0x331cc2e56c657126f7a986419040838cf446eb93,0x897394d407c9da1a20658074289caaa1316a1adb3d64cc6afbf60aa01aa9add7,0.55,21889,Base_Whale_Accumulator,0.85,1.7918,1.0
94,xuxubaobao0819,旭旭宝宝,xuxubaobao0819,0x9cd581ff7804f5f3caf35f55d3cf73fbf42f0072,unmasked,14.46,base,0.0005,0.0005,0.0005,0.0005,0.0005,0.0005,0,"['kol', 'gmgn', 'gmgn_go']",14.46,14.46,0.0,0.0,100.0,100.0,0.0,0.0,565.26,0.0,0.0,3,3,0,1,2,1,122.0,0,0,0,,,,6688,Base_DEX_Scalper,0.85,0.023,1.0
95,shenshou888,神手｜Divine hand,shenshou888,0x77e5efcf4d14f6136242dc2f5618d1854761deef,unmasked,185.83,base,0.0006,0.0006,0.0006,0.0006,0.0006,0.0006,0,"['kol', 'gmgn_go', 'gmgn']",185.83,185.83,0.0,0.0,75.0,75.0,0.0,0.0,7563.53,0.0,0.0,16,16,0,10,6,82,9021988.22,0,0,0,,,,17256,Base_Whale_Accumulator,0.85,0.0256,1.0
96,HeyNat,Nat,HeyNat,0xb0bf6f6fd3c8bd194d94d39a41fcb99fdffb5273,unmasked,-681.91,base,0.0115,0.0115,0.0115,0.0115,0.0115,0.0115,0,['kol'],-681.91,1.3,0.0,0.0,2.7,0.0,0.0,0.0,28.86,0.0,0.0,71,1,0,24,47,552,17307866.7,0,0,1,0x3304e22ddaa22bcdc5fca2269b418046ae7b566a,0xed6505d3bf9b317d8140519c728a649f4c2a6cd0503cdba1ed5441e436b76443,0.0947,20792,Base_Whale_Accumulator,0.85,0.3088,1.0
97,0x21a50e77,BASE_Trader_97,,0x21a50e77f350dccf33d08d2011501c64ad161028,unmasked,26192.05,base,0.6044,0.6044,0.6044,0.6044,0.6044,0.6044,0,['snipe_bot'],26192.05,424.58,0.0,0.0,43.81,50.0,0.0,0.0,1385.26,0.0,0.0,693,7,0,276,417,520,10514871.55,3,6,10,0x1e339d4431d54dba4c8eeeca5f5002068638b9d1,0x9f911694221f1c8b4058efea0c0254303b010585fa36781ee429f58aedeffbe2,1.528,32,Base_Whale_Accumulator,0.85,1.7918,1.0
98,Dodseven77,Dod,Dodseven77,0x49b3e70dfc8b18654f5335532c17406794ac5ddd,unmasked,40726.36,base,0.0,0.0,0.0,0.0,0.0,0.0,0,"['kol', 'gmgn', 'gmgn_go']",40726.36,83.6,0.0,0.0,35.06,40.0,0.0,0.0,401.61,0.0,0.0,6723,2,0,3049,3674,2000,1196821.46,0,1,8,0x48634fc4cf1804612aeb2a804f33fe4b2bb73985,0xdb51b270d92e038cbfdc05784d2445611354b7e71ebf62367964ffd0d4a89f8c,0.1831,2723,Base_Whale_Accumulator,0.85,0.0012,1.0
99,0xrahaa,PasaCrypto,0xrahaa,0x092f8963e749910e23c2fc71d887538fcef9ca19,unmasked,-184.0,base,0.0044,0.0044,0.0044,0.0044,0.0044,0.0044,0,"['kol', 'fomo']",-184.0,149.87,0.0,0.0,21.05,25.0,0.0,0.0,7541.38,0.0,0.0,121,45,0,62,59,401,6002064.65,0,0,1,,,,13258,Base_Whale_Accumulator,0.85,0.1422,1.0
100,kristophgalland,Kristoph Galland ,kristophgalland,0xb3397a6feedff2b9fce9ca1086cb1bdd617c16bf,unmasked,67528.18,base,0.0004,0.0004,0.0004,0.0004,0.0004,0.0004,0,"['kol', 'fomo']",67528.18,547.06,0.0,0.0,29.94,36.67,42.86,25.0,26594.05,0.0,0.0,1009,291,0,537,472,1262,8650827.62,6,4,24,0x1734bddad0dd45974ae8d75e6babfeaadb353a02,0x8352ec2b2c85566f47b5dd06425590f7c605ade867a54e25bbb812d69c0dc68a,0.0189,17432,Base_Whale_Accumulator,0.85,0.0174,1.0
